scale,height,width,stride_y,stride_x,radius,true_dy_feature,true_dx_feature,epe_px,zero_offset_epe_px,epe_gain_vs_zero,argmax_epe_px,pck_4px,pck_8px,confidence,entropy,true_margin,predicted_dy_px,predicted_dx_px,fusion_weight,sample,block,slice,translation,true_dy_px,true_dx_px,timestep,alpha_bar,noise_std,snr
0,128,128,4.0,4.0,3,0.0,2.0,6.125564098358154,8.0,1.8744359016418457,6.261580944061279,0.20569081604480743,0.7962910532951355,0.040143340826034546,0.9526358842849731,-0.014617049135267735,-0.07319177687168121,2.04459547996521,0.003128103446215391,0,2,0,0,0,8,1,0.9969944357872009,0.054823026300990285,331.716232027764
1,64,64,8.0,8.0,3,0.0,1.0,6.523952007293701,8.0,1.4760479927062988,4.563845157623291,0.25127336382865906,0.6530843377113342,0.05826021730899811,0.9089764356613159,0.00350849493406713,0.012438150122761726,3.1280629634857178,0.007912720553576946,0,2,0,0,0,8,1,0.9969944357872009,0.054823026300990285,331.716232027764
2,32,32,16.0,16.0,2,0.0,0.5,8.409469604492188,8.0,-0.4094696044921875,17.16632652282715,0.13532109558582306,0.49770641326904297,0.11576414853334427,0.8803231120109558,-0.03420787304639816,-0.2860412299633026,3.085655689239502,0.017487458884716034,0,2,0,0,0,8,1,0.9969944357872009,0.054823026300990285,331.716232027764
3,16,16,32.0,32.0,1,0.0,0.25,8.64533519744873,8.0,-0.6453351974487305,9.681673049926758,0.07692307978868484,0.442307710647583,0.40456607937812805,0.7170649766921997,0.05298996344208717,0.6400370001792908,1.886046290397644,0.12436874210834503,0,2,0,0,0,8,1,0.9969944357872009,0.054823026300990285,331.716232027764
0,128,128,4.0,4.0,3,0.0,2.0,6.235853672027588,8.0,1.764146327972412,7.180818557739258,0.1957814246416092,0.7631653547286987,0.04951877146959305,0.9459396004676819,-0.04538656771183014,-0.06691349297761917,1.9439870119094849,0.0038251730147749186,0,2,0,0,0,8,5,0.9909166693687439,0.09530650886091728,109.09177586897036
1,64,64,8.0,8.0,3,0.0,1.0,6.5525689125061035,8.0,1.4474310874938965,6.283396244049072,0.24448217451572418,0.6519525051116943,0.05926858261227608,0.9089774489402771,-0.0039488510228693485,0.01689712330698967,3.087636947631836,0.007896694354712963,0,2,0,0,0,8,5,0.9909166693687439,0.09530650886091728,109.09177586897036
2,32,32,16.0,16.0,2,0.0,0.5,8.435688018798828,8.0,-0.4356880187988281,16.48636817932129,0.13532109558582306,0.4931192398071289,0.11270856857299805,0.8852013945579529,-0.030418679118156433,-0.28379642963409424,2.9569129943847656,0.016398446634411812,0,2,0,0,0,8,5,0.9909166693687439,0.09530650886091728,109.09177586897036
3,16,16,32.0,32.0,1,0.0,0.25,8.557324409484863,8.0,-0.5573244094848633,9.92191219329834,0.08653846383094788,0.46153849363327026,0.40049639344215393,0.7226792573928833,0.05221866816282272,0.5702580809593201,1.895450234413147,0.12049829214811325,0,2,0,0,0,8,5,0.9909166693687439,0.09530650886091728,109.09177586897036
0,128,128,4.0,4.0,3,0.0,2.0,6.358000755310059,8.0,1.6419992446899414,7.575868129730225,0.1827576458454132,0.7345696091651917,0.06334614753723145,0.9332138299942017,-0.07955518364906311,-0.057852670550346375,1.8365534543991089,0.005508675239980221,0,2,0,0,0,8,10,0.9831954836845398,0.1296322348625534,58.5078121397637
1,64,64,8.0,8.0,3,0.0,1.0,6.600648880004883,8.0,1.3993511199951172,7.075819492340088,0.24108658730983734,0.6462931632995605,0.06106782704591751,0.9082720875740051,-0.011829395778477192,0.012100355699658394,3.0390501022338867,0.008040258660912514,0,2,0,0,0,8,10,0.9831954836845398,0.1296322348625534,58.5078121397637
2,32,32,16.0,16.0,2,0.0,0.5,8.432549476623535,8.0,-0.43254947662353516,16.225088119506836,0.13532109558582306,0.4862385094165802,0.1091214045882225,0.8911266922950745,-0.026291461661458015,-0.2746477723121643,2.836514472961426,0.015128998085856438,0,2,0,0,0,8,10,0.9831954836845398,0.1296322348625534,58.5078121397637
3,16,16,32.0,32.0,1,0.0,0.25,8.48769474029541,8.0,-0.48769474029541016,9.441433906555176,0.10576923191547394,0.48076924681663513,0.3987007141113281,0.7255693674087524,0.05212721973657608,0.5449015498161316,1.8927456140518188,0.11872483789920807,0,2,0,0,0,8,10,0.9831954836845398,0.1296322348625534,58.5078121397637
0,128,128,4.0,4.0,3,0.0,2.0,6.561303615570068,8.0,1.4386963844299316,7.880929946899414,0.16237258911132812,0.6929501295089722,0.09622660279273987,0.9005736112594604,-0.13901299238204956,-0.03947430104017258,1.6560276746749878,0.01215194072574377,0,2,0,0,0,8,20,0.9673463702201843,0.18070315376278212,29.62446676657473
1,64,64,8.0,8.0,3,0.0,1.0,6.701192855834961,8.0,1.298807144165039,7.7772603034973145,0.23655913770198822,0.6298811435699463,0.06423971801996231,0.9083872437477112,-0.026407429948449135,0.007151132449507713,2.9133875370025635,0.008120838552713394,0,2,0,0,0,8,20,0.9673463702201843,0.18070315376278212,29.62446676657473
2,32,32,16.0,16.0,2,0.0,0.5,8.41900634765625,8.0,-0.41900634765625,15.403521537780762,0.1307339370250702,0.48394492268562317,0.10531232506036758,0.8978728652000427,-0.02084331214427948,-0.2545086145401001,2.715791940689087,0.013732487335801125,0,2,0,0,0,8,20,0.9673463702201843,0.18070315376278212,29.62446676657473
3,16,16,32.0,32.0,1,0.0,0.25,8.359089851379395,8.0,-0.35908985137939453,9.201194763183594,0.10576923191547394,0.4711538553237915,0.39594849944114685,0.7301003932952881,0.052339665591716766,0.5574834942817688,1.9093109369277954,0.11565154045820236,0,2,0,0,0,8,20,0.9673463702201843,0.18070315376278212,29.62446676657473
0,128,128,4.0,4.0,3,0.0,2.0,6.872260570526123,8.0,1.127739429473877,8.084744453430176,0.1282559484243393,0.6463759541511536,0.1709779053926468,0.8266823887825012,-0.234715074300766,-0.00783229898661375,1.3630467653274536,0.039066385477781296,0,2,0,0,0,8,40,0.9340746998786926,0.2567592259711564,14.168683315205648
1,64,64,8.0,8.0,3,0.0,1.0,6.853995323181152,8.0,1.1460046768188477,8.588326454162598,0.22014714777469635,0.6202603578567505,0.0724768340587616,0.9062308669090271,-0.053210459649562836,0.010061513632535934,2.6997225284576416,0.008675869554281235,0,2,0,0,0,8,40,0.9340746998786926,0.2567592259711564,14.168683315205648
2,32,32,16.0,16.0,2,0.0,0.5,8.397913932800293,8.0,-0.39791393280029297,14.569794654846191,0.13302752375602722,0.4862385094165802,0.10141640901565552,0.9060924649238586,-0.013565266504883766,-0.21697036921977997,2.541719436645508,0.012166784144937992,0,2,0,0,0,8,40,0.9340746998786926,0.2567592259711564,14.168683315205648
3,16,16,32.0,32.0,1,0.0,0.25,8.228856086730957,8.0,-0.22885608673095703,9.201194763183594,0.10576923191547394,0.46153849363327026,0.39642342925071716,0.7322026491165161,0.053848881274461746,0.5195742845535278,1.9272342920303345,0.11469393968582153,0,2,0,0,0,8,40,0.9340746998786926,0.2567592259711564,14.168683315205648
0,128,128,4.0,4.0,3,2.0,0.0,7.822743892669678,8.0,0.17725610733032227,7.159517765045166,0.02042577601969242,0.5069044828414917,0.03867259621620178,0.9630606174468994,-0.02323462814092636,0.38148608803749084,0.03930364549160004,0.002259906381368637,0,2,0,1,8,0,1,0.9969944357872009,0.054823026300990285,331.716232027764
1,64,64,8.0,8.0,3,1.0,0.0,8.143152236938477,8.0,-0.14315223693847656,5.056962490081787,0.09373202919960022,0.4422081708908081,0.057629477232694626,0.914478063583374,-0.0017181314760819077,1.0731213092803955,0.06474921107292175,0.007483204361051321,0,2,0,1,8,0,1,0.9969944357872009,0.054823026300990285,331.716232027764
2,32,32,16.0,16.0,2,0.5,0.0,8.248885154724121,8.0,-0.2488851547241211,9.0181303024292,0.1255924254655838,0.48341232538223267,0.13938872516155243,0.8499372005462646,0.002559992950409651,2.0081188678741455,-0.3197784423828125,0.028121892362833023,0,2,0,1,8,0,1,0.9969944357872009,0.054823026300990285,331.716232027764
3,16,16,32.0,32.0,1,0.25,0.0,6.205674648284912,8.0,1.794325351715088,7.999999523162842,0.3195876181125641,0.7216494679450989,0.4830950200557709,0.6377734541893005,0.0762723982334137,3.10809326171875,-0.35876891016960144,0.1878979355096817,0,2,0,1,8,0,1,0.9969944357872009,0.054823026300990285,331.716232027764
0,128,128,4.0,4.0,3,2.0,0.0,7.842116832733154,8.0,0.1578831672668457,7.6557087898254395,0.018987342715263367,0.5038837790489197,0.05060824751853943,0.9552887082099915,-0.05787196755409241,0.3586529493331909,0.04377962276339531,0.0032003498636186123,0,2,0,1,8,0,5,0.9909166693687439,0.09530650886091728,109.09177586897036
1,64,64,8.0,8.0,3,1.0,0.0,8.162720680236816,8.0,-0.1627206802368164,6.021049976348877,0.09200690686702728,0.4399079978466034,0.06068015471100807,0.9132115244865417,-0.009915590286254883,1.0433416366577148,0.06721562892198563,0.007882781326770782,0,2,0,1,8,0,5,0.9909166693687439,0.09530650886091728,109.09177586897036
2,32,32,16.0,16.0,2,0.5,0.0,8.358447074890137,8.0,-0.3584470748901367,8.72968578338623,0.11137440800666809,0.47156399488449097,0.13625504076480865,0.8579903244972229,0.005302113015204668,1.8702661991119385,-0.33065342903137207,0.026276370510458946,0,2,0,1,8,0,5,0.9909166693687439,0.09530650886091728,109.09177586897036
3,16,16,32.0,32.0,1,0.25,0.0,6.314538478851318,8.0,1.6854615211486816,7.999999523162842,0.27835050225257874,0.7216494679450989,0.47588515281677246,0.6488870978355408,0.07569459080696106,2.9900152683258057,-0.3669905364513397,0.18004949390888214,0,2,0,1,8,0,5,0.9909166693687439,0.09530650886091728,109.09177586897036
0,128,128,4.0,4.0,3,2.0,0.0,7.863611698150635,8.0,0.13638830184936523,7.842477321624756,0.017836593091487885,0.5033084154129028,0.06770655512809753,0.9409545063972473,-0.09495904296636581,0.3372369408607483,0.04784484952688217,0.0053474479354918,0,2,0,1,8,0,10,0.9831954836845398,0.1296322348625534,58.5078121397637
1,64,64,8.0,8.0,3,1.0,0.0,8.196182250976562,8.0,-0.1961822509765625,6.49871826171875,0.09085682034492493,0.4335825443267822,0.06478338688611984,0.9110469222068787,-0.01847519539296627,1.003310203552246,0.07277362048625946,0.00848862249404192,0,2,0,1,8,0,10,0.9831954836845398,0.1296322348625534,58.5078121397637
2,32,32,16.0,16.0,2,0.5,0.0,8.460448265075684,8.0,-0.4604482650756836,8.582279205322266,0.10189573466777802,0.4620853364467621,0.13231438398361206,0.8670556545257568,0.007570256479084492,1.7222102880477905,-0.33225175738334656,0.0240804273635149,0,2,0,1,8,0,10,0.9831954836845398,0.1296322348625534,58.5078121397637
3,16,16,32.0,32.0,1,0.25,0.0,6.422243595123291,8.0,1.577756404876709,7.999999523162842,0.2886597812175751,0.7113401889801025,0.4719619154930115,0.6561744809150696,0.07588529586791992,2.879844903945923,-0.38326093554496765,0.1751873642206192,0,2,0,1,8,0,10,0.9831954836845398,0.1296322348625534,58.5078121397637
0,128,128,4.0,4.0,3,2.0,0.0,7.899284362792969,8.0,0.10071563720703125,7.946390151977539,0.01582278497517109,0.4961162209510803,0.10716922581195831,0.9044831395149231,-0.15745367109775543,0.304302453994751,0.05333073064684868,0.013580978848040104,0,2,0,1,8,0,20,0.9673463702201843,0.18070315376278212,29.62446676657473
1,64,64,8.0,8.0,3,1.0,0.0,8.249570846557617,8.0,-0.2495708465576172,6.955049514770508,0.09258194267749786,0.41230592131614685,0.07176203280687332,0.9087540507316589,-0.03322486951947212,0.92446368932724,0.07994726300239563,0.009344249032437801,0,2,0,1,8,0,20,0.9673463702201843,0.18070315376278212,29.62446676657473
2,32,32,16.0,16.0,2,0.5,0.0,8.588521003723145,8.0,-0.5885210037231445,8.654317855834961,0.09478673338890076,0.4383886456489563,0.1277063935995102,0.8782652616500854,0.010808642022311687,1.5483641624450684,-0.3149750530719757,0.02141561172902584,0,2,0,1,8,0,20,0.9673463702201843,0.18070315376278212,29.62446676657473
3,16,16,32.0,32.0,1,0.25,0.0,6.559967994689941,8.0,1.4400320053100586,7.999999523162842,0.27835050225257874,0.6701030731201172,0.46398022770881653,0.6683329939842224,0.07526254653930664,2.7335867881774902,-0.39870113134384155,0.16630446910858154,0,2,0,1,8,0,20,0.9673463702201843,0.18070315376278212,29.62446676657473
0,128,128,4.0,4.0,3,2.0,0.0,7.94602632522583,8.0,0.05397367477416992,8.025603294372559,0.013665132224559784,0.49252015352249146,0.19315586984157562,0.822924792766571,-0.25499388575553894,0.25580134987831116,0.05856958031654358,0.045375656336545944,0,2,0,1,8,0,40,0.9340746998786926,0.2567592259711564,14.168683315205648
1,64,64,8.0,8.0,3,1.0,0.0,8.32066822052002,8.0,-0.32066822052001953,7.508113861083984,0.07993099838495255,0.408855676651001,0.08671686798334122,0.9027591347694397,-0.0597168393433094,0.8122140169143677,0.09699325263500214,0.011389093473553658,0,2,0,1,8,0,40,0.9340746998786926,0.2567592259711564,14.168683315205648
2,32,32,16.0,16.0,2,0.5,0.0,8.741989135742188,8.0,-0.7419891357421875,8.532096862792969,0.09241706132888794,0.40758293867111206,0.12213747948408127,0.8921387791633606,0.014918645843863487,1.3366479873657227,-0.2792246639728546,0.018242122605443,0,2,0,1,8,0,40,0.9340746998786926,0.2567592259711564,14.168683315205648
3,16,16,32.0,32.0,1,0.25,0.0,6.740351676940918,8.0,1.259648323059082,7.999999523162842,0.25773194432258606,0.6597937941551208,0.45759209990501404,0.6806567907333374,0.076143279671669,2.5303499698638916,-0.42182159423828125,0.1581382155418396,0,2,0,1,8,0,40,0.9340746998786926,0.2567592259711564,14.168683315205648
0,128,128,4.0,4.0,3,2.0,2.0,9.99293041229248,11.313708498984761,1.3207780866922807,8.202749252319336,0.005609896499663591,0.125,0.03999397158622742,0.9535192251205444,-0.01867995597422123,0.3928641378879547,1.9568450450897217,0.0030214753933250904,0,2,0,2,8,8,1,0.9969944357872009,0.054823026300990285,331.716232027764
1,64,64,8.0,8.0,3,1.0,1.0,9.714585304260254,11.313708498984761,1.5991231947245073,5.770415306091309,0.03737780451774597,0.2616446316242218,0.057831890881061554,0.9104346632957458,-0.0006433321977965534,1.1000479459762573,3.1729865074157715,0.007827314548194408,0,2,0,2,8,8,1,0.9969944357872009,0.054823026300990285,331.716232027764
2,32,32,16.0,16.0,2,0.5,0.5,10.785264015197754,11.313708498984761,0.5284444837870073,18.777496337890625,0.08056872338056564,0.24644550681114197,0.11573157459497452,0.8824331164360046,-0.041347842663526535,1.1574264764785767,3.1222479343414307,0.017712293192744255,0,2,0,2,8,8,1,0.9969944357872009,0.054823026300990285,331.716232027764
3,16,16,32.0,32.0,1,0.25,0.25,9.798563003540039,11.313708498984761,1.515145495444722,14.40352725982666,0.030927833169698715,0.39175257086753845,0.39204680919647217,0.7316255569458008,0.04302932322025299,2.6893723011016846,1.930214762687683,0.11418817937374115,0,2,0,2,8,8,1,0.9969944357872009,0.054823026300990285,331.716232027764
0,128,128,4.0,4.0,3,2.0,2.0,10.062819480895996,11.313708498984761,1.250889018088765,9.533821105957031,0.005034522619098425,0.12010931968688965,0.049518220126628876,0.9464417695999146,-0.04735761135816574,0.3723986744880676,1.8610620498657227,0.003726991591975093,0,2,0,2,8,8,5,0.9909166693687439,0.09530650886091728,109.09177586897036
1,64,64,8.0,8.0,3,1.0,1.0,9.750707626342773,11.313708498984761,1.5630008726419877,7.6032609939575195,0.033352501690387726,0.25819435715675354,0.05908966809511185,0.9102915525436401,-0.008410299196839333,1.0670268535614014,3.1274478435516357,0.007870230823755264,0,2,0,2,8,8,5,0.9909166693687439,0.09530650886091728,109.09177586897036
2,32,32,16.0,16.0,2,0.5,0.5,10.82943058013916,11.313708498984761,0.484277918845601,18.021642684936523,0.0758293867111206,0.24170616269111633,0.11297479271888733,0.8871875405311584,-0.03707776218652725,1.0916610956192017,3.0134341716766357,0.016727011650800705,0,2,0,2,8,8,5,0.9909166693687439,0.09530650886091728,109.09177586897036
3,16,16,32.0,32.0,1,0.25,0.25,9.775205612182617,11.313708498984761,1.538502886802144,14.099625587463379,0.04123711213469505,0.3814432919025421,0.3886778652667999,0.7368385791778564,0.04395977780222893,2.556497812271118,2.000633955001831,0.11114776134490967,0,2,0,2,8,8,5,0.9909166693687439,0.09530650886091728,109.09177586897036
0,128,128,4.0,4.0,3,2.0,2.0,10.140373229980469,11.313708498984761,1.1733352690042924,10.098584175109863,0.004171461332589388,0.11636938899755478,0.0636441707611084,0.9332518577575684,-0.0797731950879097,0.351282000541687,1.7593458890914917,0.005436275154352188,0,2,0,2,8,8,10,0.9831954836845398,0.1296322348625534,58.5078121397637
1,64,64,8.0,8.0,3,1.0,1.0,9.803092956542969,11.313708498984761,1.5106155424417924,8.922674179077148,0.03277745842933655,0.2564692497253418,0.06116023287177086,0.9092592597007751,-0.017292708158493042,1.0203715562820435,3.0753321647644043,0.008061260916292667,0,2,0,2,8,8,10,0.9831954836845398,0.1296322348625534,58.5078121397637
2,32,32,16.0,16.0,2,0.5,0.5,10.847309112548828,11.313708498984761,0.46639938643593304,18.26913833618164,0.06872038543224335,0.24407583475112915,0.10964095592498779,0.8930371999740601,-0.03271706774830818,1.0282431840896606,2.9199769496917725,0.015479221940040588,0,2,0,2,8,8,10,0.9831954836845398,0.1296322348625534,58.5078121397637
3,16,16,32.0,32.0,1,0.25,0.25,9.78808879852295,11.313708498984761,1.525619700461812,14.115185737609863,0.04123711213469505,0.3711340129375458,0.38789618015289307,0.7392969727516174,0.04526160657405853,2.473665237426758,2.036013126373291,0.11010869592428207,0,2,0,2,8,8,10,0.9831954836845398,0.1296322348625534,58.5078121397637
0,128,128,4.0,4.0,3,2.0,2.0,10.274312973022461,11.313708498984761,1.0393955259623002,10.652090072631836,0.00345224398188293,0.11032796651124954,0.09735764563083649,0.8997262120246887,-0.13648010790348053,0.314875990152359,1.5887939929962158,0.0123344287276268,0,2,0,2,8,8,20,0.9673463702201843,0.18070315376278212,29.62446676657473
1,64,64,8.0,8.0,3,1.0,1.0,9.906758308410645,11.313708498984761,1.4069501905741166,10.022980690002441,0.03162737190723419,0.2461184710264206,0.0649469867348671,0.908607006072998,-0.0339776836335659,0.9294682145118713,2.94623064994812,0.008237740024924278,0,2,0,2,8,8,20,0.9673463702201843,0.18070315376278212,29.62446676657473
2,32,32,16.0,16.0,2,0.5,0.5,10.862813949584961,11.313708498984761,0.4508945493998002,17.742109298706055,0.05924170836806297,0.24407583475112915,0.10617756098508835,0.8995271921157837,-0.026754627004265785,0.966582715511322,2.836610794067383,0.014092300087213516,0,2,0,2,8,8,20,0.9673463702201843,0.18070315376278212,29.62446676657473
3,16,16,32.0,32.0,1,0.25,0.25,9.760259628295898,11.313708498984761,1.5534488706888627,13.682674407958984,0.04123711213469505,0.3505154550075531,0.38684654235839844,0.7427814602851868,0.047088876366615295,2.3891761302948,2.0961241722106934,0.10811313986778259,0,2,0,2,8,8,20,0.9673463702201843,0.18070315376278212,29.62446676657473
0,128,128,4.0,4.0,3,2.0,2.0,10.486372947692871,11.313708498984761,0.8273355512918901,10.972420692443848,0.002733026398345828,0.09464902430772781,0.17371366918087006,0.8248188495635986,-0.22774292528629303,0.2572149336338043,1.3125923871994019,0.04026639461517334,0,2,0,2,8,8,40,0.9340746998786926,0.2567592259711564,14.168683315205648
1,64,64,8.0,8.0,3,1.0,1.0,10.067516326904297,11.313708498984761,1.2461921720804643,10.968496322631836,0.02932720072567463,0.22829212248325348,0.0743698999285698,0.905000627040863,-0.06457215547561646,0.7993035316467285,2.733274221420288,0.009011837653815746,0,2,0,2,8,8,40,0.9340746998786926,0.2567592259711564,14.168683315205648
2,32,32,16.0,16.0,2,0.5,0.5,10.883458137512207,11.313708498984761,0.43025036147255413,16.990381240844727,0.056872040033340454,0.22748816013336182,0.10255882889032364,0.907347559928894,-0.018313951790332794,0.8884327411651611,2.7212185859680176,0.012491617351770401,0,2,0,2,8,8,40,0.9340746998786926,0.2567592259711564,14.168683315205648
3,16,16,32.0,32.0,1,0.25,0.25,9.727272987365723,11.313708498984761,1.5864355116190385,13.39433479309082,0.04123711213469505,0.34020617604255676,0.3917670249938965,0.7427575588226318,0.0509214773774147,2.2637314796447754,2.1730973720550537,0.10922561585903168,0,2,0,2,8,8,40,0.9340746998786926,0.2567592259711564,14.168683315205648
0,128,128,4.0,4.0,3,-2.0,0.0,7.4756035804748535,8.0,0.5243964195251465,6.786656856536865,0.048980746418237686,0.6002264618873596,0.04321462661027908,0.9501944184303284,-0.024987921118736267,-0.8964943289756775,0.047536544501781464,0.004610910080373287,0,2,0,3,-8,0,1,0.9969944357872009,0.054823026300990285,331.716232027764
1,64,64,8.0,8.0,3,-1.0,0.0,7.7731804847717285,8.0,0.22681951522827148,5.052059173583984,0.09451047331094742,0.5183927416801453,0.062354374676942825,0.903862476348877,-0.0037302831187844276,-2.14036226272583,-0.12049899995326996,0.009485360234975815,0,2,0,3,-8,0,1,0.9969944357872009,0.054823026300990285,331.716232027764
2,32,32,16.0,16.0,2,-0.5,0.0,7.857853889465332,8.0,0.14214611053466797,9.7135009765625,0.12155962735414505,0.5275229215621948,0.14684034883975983,0.8406366109848022,-0.003946256823837757,-3.579913377761841,-0.2912628650665283,0.03175038844347,0,2,0,3,-8,0,1,0.9969944357872009,0.054823026300990285,331.716232027764
3,16,16,32.0,32.0,1,-0.25,0.0,6.569206714630127,8.0,1.430793285369873,8.0,0.29807692766189575,0.692307710647583,0.4740065336227417,0.634231686592102,0.07039754837751389,-2.8894941806793213,-0.17087791860103607,0.18614330887794495,0,2,0,3,-8,0,1,0.9969944357872009,0.054823026300990285,331.716232027764
0,128,128,4.0,4.0,3,-2.0,0.0,7.519730567932129,8.0,0.4802694320678711,7.31654167175293,0.04572480171918869,0.5828142762184143,0.05462568625807762,0.9428568482398987,-0.0582696832716465,-0.8516695499420166,0.059722933918237686,0.005597816314548254,0,2,0,3,-8,0,5,0.9909166693687439,0.09530650886091728,109.09177586897036
1,64,64,8.0,8.0,3,-1.0,0.0,7.78725528717041,8.0,0.21274471282958984,6.091904640197754,0.09337861090898514,0.5223543047904968,0.06502779573202133,0.9025770425796509,-0.011243537999689579,-2.1070642471313477,-0.11013331264257431,0.009746413677930832,0,2,0,3,-8,0,5,0.9909166693687439,0.09530650886091728,109.09177586897036
2,32,32,16.0,16.0,2,-0.5,0.0,7.9086833000183105,8.0,0.09131669998168945,9.581088066101074,0.11467889696359634,0.5206421613693237,0.14369960129261017,0.8477473258972168,-0.006225751247256994,-3.4452974796295166,-0.29679834842681885,0.02989906817674637,0,2,0,3,-8,0,5,0.9909166693687439,0.09530650886091728,109.09177586897036
3,16,16,32.0,32.0,1,-0.25,0.0,6.649425983428955,8.0,1.350574016571045,8.0,0.26923078298568726,0.6634615659713745,0.4702380299568176,0.6409609913825989,0.07029610872268677,-2.8143510818481445,-0.1658838838338852,0.1816612035036087,0,2,0,3,-8,0,5,0.9909166693687439,0.09530650886091728,109.09177586897036
0,128,128,4.0,4.0,3,-2.0,0.0,7.565385818481445,8.0,0.4346141815185547,7.56685209274292,0.04218573123216629,0.5686579942703247,0.07113325595855713,0.9292788505554199,-0.0942637175321579,-0.8076984286308289,0.06791381537914276,0.007785832043737173,0,2,0,3,-8,0,10,0.9831954836845398,0.1296322348625534,58.5078121397637
1,64,64,8.0,8.0,3,-1.0,0.0,7.8058061599731445,8.0,0.19419384002685547,6.620299339294434,0.09111488610506058,0.5195246338844299,0.06868958473205566,0.9006226658821106,-0.019038522616028786,-2.0679574012756348,-0.10014841705560684,0.010219560004770756,0,2,0,3,-8,0,10,0.9831954836845398,0.1296322348625534,58.5078121397637
2,32,32,16.0,16.0,2,-0.5,0.0,7.966493129730225,8.0,0.03350687026977539,9.5584077835083,0.11238531768321991,0.5160550475120544,0.13962045311927795,0.8562655448913574,-0.008283535949885845,-3.2855725288391113,-0.2984260022640228,0.027604036033153534,0,2,0,3,-8,0,10,0.9831954836845398,0.1296322348625534,58.5078121397637
3,16,16,32.0,32.0,1,-0.25,0.0,6.745395660400391,8.0,1.2546043395996094,8.0,0.26923078298568726,0.6634615659713745,0.4688056707382202,0.6449484825134277,0.07090511918067932,-2.712517499923706,-0.16863678395748138,0.17945891618728638,0,2,0,3,-8,0,10,0.9831954836845398,0.1296322348625534,58.5078121397637
0,128,128,4.0,4.0,3,-2.0,0.0,7.642581462860107,8.0,0.3574185371398926,7.768060684204102,0.038929782807826996,0.5471404194831848,0.10936252027750015,0.8945502638816833,-0.15507273375988007,-0.7332897782325745,0.07510700821876526,0.01596718467772007,0,2,0,3,-8,0,20,0.9673463702201843,0.18070315376278212,29.62446676657473
1,64,64,8.0,8.0,3,-1.0,0.0,7.845553874969482,8.0,0.15444612503051758,7.049045562744141,0.08658743649721146,0.5161290168762207,0.07525602728128433,0.8984456658363342,-0.03287126123905182,-1.976828694343567,-0.08084961771965027,0.010947861708700657,0,2,0,3,-8,0,20,0.9673463702201843,0.18070315376278212,29.62446676657473
2,32,32,16.0,16.0,2,-0.5,0.0,8.061244010925293,8.0,-0.06124401092529297,9.14201545715332,0.1055045798420906,0.48853209614753723,0.1350715011358261,0.866661787033081,-0.011586257256567478,-3.055176258087158,-0.28716713190078735,0.024886786937713623,0,2,0,3,-8,0,20,0.9673463702201843,0.18070315376278212,29.62446676657473
3,16,16,32.0,32.0,1,-0.25,0.0,6.919315338134766,8.0,1.0806846618652344,8.0,0.26923078298568726,0.6730769276618958,0.4644935429096222,0.6528906226158142,0.07070250809192657,-2.530829906463623,-0.1777680665254593,0.17376801371574402,0,2,0,3,-8,0,20,0.9673463702201843,0.18070315376278212,29.62446676657473
0,128,128,4.0,4.0,3,-2.0,0.0,7.7491655349731445,8.0,0.25083446502685547,7.879271984100342,0.03496602550148964,0.5222253799438477,0.19252198934555054,0.8166388273239136,-0.24982425570487976,-0.6197621822357178,0.07596679031848907,0.046956226229667664,0,2,0,3,-8,0,40,0.9340746998786926,0.2567592259711564,14.168683315205648
1,64,64,8.0,8.0,3,-1.0,0.0,7.904388904571533,8.0,0.0956110954284668,7.366087913513184,0.08262591809034348,0.509337842464447,0.08926700055599213,0.8929890394210815,-0.05772284045815468,-1.8128256797790527,-0.0527324303984642,0.012760250829160213,0,2,0,3,-8,0,40,0.9340746998786926,0.2567592259711564,14.168683315205648
2,32,32,16.0,16.0,2,-0.5,0.0,8.183614730834961,8.0,-0.18361473083496094,9.016670227050781,0.08256880193948746,0.47018346190452576,0.129493847489357,0.8799585103988647,-0.016436275094747543,-2.746507406234741,-0.27236872911453247,0.02150137908756733,0,2,0,3,-8,0,40,0.9340746998786926,0.2567592259711564,14.168683315205648
3,16,16,32.0,32.0,1,-0.25,0.0,7.126793384552002,8.0,0.873206615447998,8.0,0.25,0.634615421295166,0.46177995204925537,0.6601926684379578,0.0717952698469162,-2.307821750640869,-0.17906597256660461,0.16930948197841644,0,2,0,3,-8,0,40,0.9340746998786926,0.2567592259711564,14.168683315205648
0,128,128,4.0,4.0,3,0.0,-2.0,6.194014072418213,8.0,1.805985927581787,6.3043951988220215,0.1889864057302475,0.814835786819458,0.04005088657140732,0.9540982246398926,-0.015169085003435612,-0.016822857782244682,-1.9764416217803955,0.003052524523809552,0,2,0,4,0,-8,1,0.9969944357872009,0.054823026300990285,331.716232027764
1,64,64,8.0,8.0,3,0.0,-1.0,6.305686950683594,8.0,1.6943130493164062,4.460505962371826,0.2433503121137619,0.6904357671737671,0.05966774374246597,0.9084410667419434,0.0034346701577305794,-0.09098363667726517,-3.229336977005005,0.008427780121564865,0,2,0,4,0,-8,1,0.9969944357872009,0.054823026300990285,331.716232027764
2,32,32,16.0,16.0,2,0.0,-0.5,7.572183132171631,8.0,0.42781686782836914,16.645362854003906,0.18577980995178223,0.5619266033172607,0.11833764612674713,0.8774809837341309,-0.03508986905217171,-0.2921386957168579,-4.627418041229248,0.019065137952566147,0,2,0,4,0,-8,1,0.9969944357872009,0.054823026300990285,331.716232027764
3,16,16,32.0,32.0,1,0.0,-0.25,8.182299613952637,8.0,-0.18229961395263672,10.010905265808105,0.125,0.509615421295166,0.4107503294944763,0.7008265256881714,0.048666324466466904,0.1134854108095169,-2.9993183612823486,0.1300457864999771,0,2,0,4,0,-8,1,0.9969944357872009,0.054823026300990285,331.716232027764
0,128,128,4.0,4.0,3,0.0,-2.0,6.315649509429932,8.0,1.6843504905700684,7.1329426765441895,0.17468856275081635,0.7843997478485107,0.049603868275880814,0.9471644163131714,-0.04674637317657471,-0.008264771662652493,-1.8680039644241333,0.003765932284295559,0,2,0,4,0,-8,5,0.9909166693687439,0.09530650886091728,109.09177586897036
1,64,64,8.0,8.0,3,0.0,-1.0,6.363954544067383,8.0,1.6360454559326172,5.915097236633301,0.23712506890296936,0.6870402097702026,0.06084952875971794,0.9082539677619934,-0.003958686720579863,-0.07499996572732925,-3.163179874420166,0.008447145111858845,0,2,0,4,0,-8,5,0.9909166693687439,0.09530650886091728,109.09177586897036
2,32,32,16.0,16.0,2,0.0,-0.5,7.577635765075684,8.0,0.4223642349243164,16.12999153137207,0.1834862232208252,0.5619266033172607,0.11474475264549255,0.8833038210868835,-0.03473431244492531,-0.27207833528518677,-4.44802188873291,0.017674848437309265,0,2,0,4,0,-8,5,0.9909166693687439,0.09530650886091728,109.09177586897036
3,16,16,32.0,32.0,1,0.0,-0.25,8.092174530029297,8.0,-0.09217453002929688,9.857059478759766,0.13461539149284363,0.5192307829856873,0.40687981247901917,0.7094820141792297,0.04965660348534584,0.13624855875968933,-2.9729042053222656,0.1254872828722,0,2,0,4,0,-8,5,0.9909166693687439,0.09530650886091728,109.09177586897036
0,128,128,4.0,4.0,3,0.0,-2.0,6.444381237030029,8.0,1.5556187629699707,7.492182731628418,0.16279727220535278,0.7541053295135498,0.0636749416589737,0.9339976906776428,-0.08164709806442261,-0.0020697275176644325,-1.756203055381775,0.00550320278853178,0,2,0,4,0,-8,10,0.9831954836845398,0.1296322348625534,58.5078121397637
1,64,64,8.0,8.0,3,0.0,-1.0,6.439435005187988,8.0,1.5605649948120117,6.6965155601501465,0.22467459738254547,0.6830787062644958,0.06285786628723145,0.9073697328567505,-0.011704853735864162,-0.06718664616346359,-3.086427688598633,0.008627277798950672,0,2,0,4,0,-8,10,0.9831954836845398,0.1296322348625534,58.5078121397637
2,32,32,16.0,16.0,2,0.0,-0.5,7.562290668487549,8.0,0.43770933151245117,15.679973602294922,0.17431192100048065,0.56651371717453,0.11069591343402863,0.890234112739563,-0.0339096337556839,-0.24658362567424774,-4.2392096519470215,0.016101956367492676,0,2,0,4,0,-8,10,0.9831954836845398,0.1296322348625534,58.5078121397637
3,16,16,32.0,32.0,1,0.0,-0.25,8.033071517944336,8.0,-0.03307151794433594,9.376581192016602,0.13461539149284363,0.5192307829856873,0.40625444054603577,0.7135180830955505,0.051254596561193466,0.13200250267982483,-2.948009967803955,0.12391120195388794,0,2,0,4,0,-8,10,0.9831954836845398,0.1296322348625534,58.5078121397637
0,128,128,4.0,4.0,3,0.0,-2.0,6.656056880950928,8.0,1.3439431190490723,7.754696369171143,0.13901472091674805,0.7163079977035522,0.09728140383958817,0.9002716541290283,-0.14228567481040955,0.00465055089443922,-1.571763515472412,0.012514560483396053,0,2,0,4,0,-8,20,0.9673463702201843,0.18070315376278212,29.62446676657473
1,64,64,8.0,8.0,3,0.0,-1.0,6.5763983726501465,8.0,1.4236016273498535,7.281217098236084,0.21279004216194153,0.6615732908248901,0.06633204966783524,0.9070794582366943,-0.02599577233195305,-0.04521402344107628,-2.918186902999878,0.008736886084079742,0,2,0,4,0,-8,20,0.9673463702201843,0.18070315376278212,29.62446676657473
2,32,32,16.0,16.0,2,0.0,-0.5,7.5698161125183105,8.0,0.43018388748168945,15.1986083984375,0.17431192100048065,0.5504586696624756,0.1065831407904625,0.898133397102356,-0.03406866267323494,-0.2001785784959793,-3.976414442062378,0.014404135756194592,0,2,0,4,0,-8,20,0.9673463702201843,0.18070315376278212,29.62446676657473
3,16,16,32.0,32.0,1,0.0,-0.25,7.930558681488037,8.0,0.06944131851196289,8.960955619812012,0.11538462340831757,0.5288461446762085,0.4037017226219177,0.7211183905601501,0.05268649011850357,0.1690872758626938,-2.931995391845703,0.12019181996583939,0,2,0,4,0,-8,20,0.9673463702201843,0.18070315376278212,29.62446676657473
0,128,128,4.0,4.0,3,0.0,-2.0,6.974361419677734,8.0,1.0256385803222656,7.977160453796387,0.10489807277917862,0.6602491140365601,0.1733805239200592,0.8246743679046631,-0.23956073820590973,0.011024373583495617,-1.277216911315918,0.040694501250982285,0,2,0,4,0,-8,40,0.9340746998786926,0.2567592259711564,14.168683315205648
1,64,64,8.0,8.0,3,0.0,-1.0,6.793308258056641,8.0,1.2066917419433594,8.149898529052734,0.19637805223464966,0.6332767605781555,0.07476696372032166,0.9042518734931946,-0.05223161354660988,-0.007608449552208185,-2.6345608234405518,0.009292894043028355,0,2,0,4,0,-8,40,0.9340746998786926,0.2567592259711564,14.168683315205648
2,32,32,16.0,16.0,2,0.0,-0.5,7.579662799835205,8.0,0.4203372001647949,14.20490550994873,0.15366971492767334,0.5688073039054871,0.10257531702518463,0.9076361060142517,-0.03578977659344673,-0.13215738534927368,-3.6361138820648193,0.012542196549475193,0,2,0,4,0,-8,40,0.9340746998786926,0.2567592259711564,14.168683315205648
3,16,16,32.0,32.0,1,0.0,-0.25,7.782179832458496,8.0,0.2178201675415039,8.720717430114746,0.125,0.5480769276618958,0.4046016335487366,0.7271263599395752,0.0562811978161335,0.20304885506629944,-2.9144036769866943,0.11829715222120285,0,2,0,4,0,-8,40,0.9340746998786926,0.2567592259711564,14.168683315205648
0,128,128,4.0,4.0,3,0.0,2.0,6.059664249420166,8.0,1.940335750579834,6.157101631164551,0.22219261527061462,0.7734114527702332,0.042840421199798584,0.943903923034668,-0.013195200823247433,-0.024873577058315277,2.1533899307250977,0.00405152840539813,1,2,1,0,0,8,1,0.9969944357872009,0.054823026300990285,331.716232027764
1,64,64,8.0,8.0,3,0.0,1.0,6.758886814117432,8.0,1.2411131858825684,4.23436164855957,0.22754168510437012,0.6422807574272156,0.06430002301931381,0.8949644565582275,0.00503108324483037,0.07929915189743042,3.084709405899048,0.010044638067483902,1,2,1,0,0,8,1,0.9969944357872009,0.054823026300990285,331.716232027764
2,32,32,16.0,16.0,2,0.0,0.5,8.493446350097656,8.0,-0.49344635009765625,17.6645565032959,0.12938596308231354,0.5109649300575256,0.12860684096813202,0.8648511171340942,-0.041338395327329636,-0.257714182138443,2.9689605236053467,0.022160081192851067,1,2,1,0,0,8,1,0.9969944357872009,0.054823026300990285,331.716232027764
3,16,16,32.0,32.0,1,0.0,0.25,9.094034194946289,8.0,-1.094034194946289,10.725129127502441,0.056603774428367615,0.49056604504585266,0.4452177584171295,0.6723521947860718,0.059757307171821594,0.8885942697525024,1.8180694580078125,0.15532299876213074,1,2,1,0,0,8,1,0.9969944357872009,0.054823026300990285,331.716232027764
0,128,128,4.0,4.0,3,0.0,2.0,6.176272869110107,8.0,1.8237271308898926,7.030551433563232,0.20540829002857208,0.7493006587028503,0.05205109715461731,0.9378080368041992,-0.04211624339222908,-0.026644714176654816,2.048184633255005,0.004769677296280861,1,2,1,0,0,8,5,0.9909166693687439,0.09530650886091728,109.09177586897036
1,64,64,8.0,8.0,3,0.0,1.0,6.791784286499023,8.0,1.2082157135009766,5.750530242919922,0.2259279042482376,0.6417428255081177,0.06525906175374985,0.8957259058952332,-0.002212204970419407,0.07074805349111557,3.0392062664031982,0.009969418868422508,1,2,1,0,0,8,5,0.9909166693687439,0.09530650886091728,109.09177586897036
2,32,32,16.0,16.0,2,0.0,0.5,8.512425422668457,8.0,-0.512425422668457,16.715700149536133,0.12938596308231354,0.5109649300575256,0.12491349875926971,0.8706651926040649,-0.03769391030073166,-0.2518312931060791,2.846855878829956,0.020786644890904427,1,2,1,0,0,8,5,0.9909166693687439,0.09530650886091728,109.09177586897036
3,16,16,32.0,32.0,1,0.0,0.25,9.066276550292969,8.0,-1.0662765502929688,10.725129127502441,0.04716981202363968,0.49056604504585266,0.4415338635444641,0.676540732383728,0.05877210199832916,0.7918967604637146,1.8100899457931519,0.15190869569778442,1,2,1,0,0,8,5,0.9909166693687439,0.09530650886091728,109.09177586897036
0,128,128,4.0,4.0,3,0.0,2.0,6.301388263702393,8.0,1.6986117362976074,7.4888386726379395,0.19208738207817078,0.7295857071876526,0.06558239459991455,0.9258250594139099,-0.07440508157014847,-0.025727353990077972,1.9354878664016724,0.006438321899622679,1,2,1,0,0,8,10,0.9831954836845398,0.1296322348625534,58.5078121397637
1,64,64,8.0,8.0,3,0.0,1.0,6.83529806137085,8.0,1.1647019386291504,6.481973171234131,0.22001075744628906,0.637439489364624,0.06712022423744202,0.8955968618392944,-0.009812504053115845,0.05560106039047241,2.983332633972168,0.01011586282402277,1,2,1,0,0,8,10,0.9831954836845398,0.1296322348625534,58.5078121397637
2,32,32,16.0,16.0,2,0.0,0.5,8.517770767211914,8.0,-0.5177707672119141,16.026174545288086,0.12061403691768646,0.5065789222717285,0.1206207275390625,0.8777484893798828,-0.033505942672491074,-0.24932856857776642,2.7265396118164062,0.019100291654467583,1,2,1,0,0,8,10,0.9831954836845398,0.1296322348625534,58.5078121397637
3,16,16,32.0,32.0,1,0.0,0.25,9.022027015686035,8.0,-1.0220270156860352,10.725129127502441,0.056603774428367615,0.4716981053352356,0.4401778280735016,0.6784784197807312,0.058884408324956894,0.7453364133834839,1.7958192825317383,0.15064609050750732,1,2,1,0,0,8,10,0.9831954836845398,0.1296322348625534,58.5078121397637
0,128,128,4.0,4.0,3,0.0,2.0,6.5104475021362305,8.0,1.4895524978637695,7.853156566619873,0.16850939393043518,0.6974823474884033,0.09770776331424713,0.8945330381393433,-0.13070917129516602,-0.020937083289027214,1.7428847551345825,0.012961499392986298,1,2,1,0,0,8,20,0.9673463702201843,0.18070315376278212,29.62446676657473
1,64,64,8.0,8.0,3,0.0,1.0,6.911168575286865,8.0,1.0888314247131348,7.551912307739258,0.21839697659015656,0.6282947659492493,0.07013324648141861,0.8966171145439148,-0.02341732382774353,0.038567181676626205,2.8532521724700928,0.010124677792191505,1,2,1,0,0,8,20,0.9673463702201843,0.18070315376278212,29.62446676657473
2,32,32,16.0,16.0,2,0.0,0.5,8.492687225341797,8.0,-0.4926872253417969,15.44208812713623,0.12938596308231354,0.49780702590942383,0.11593043059110641,0.8862035870552063,-0.027489520609378815,-0.2276858240365982,2.6152284145355225,0.017171267420053482,1,2,1,0,0,8,20,0.9673463702201843,0.18070315376278212,29.62446676657473
3,16,16,32.0,32.0,1,0.0,0.25,8.913671493530273,8.0,-0.9136714935302734,10.18753719329834,0.028301887214183807,0.4433962404727936,0.4388484060764313,0.6813949346542358,0.05958665907382965,0.713701069355011,1.7903724908828735,0.14843404293060303,1,2,1,0,0,8,20,0.9673463702201843,0.18070315376278212,29.62446676657473
0,128,128,4.0,4.0,3,0.0,2.0,6.831021308898926,8.0,1.1689786911010742,8.06052017211914,0.1325429528951645,0.6520580649375916,0.17073515057563782,0.8230991959571838,-0.2214251309633255,-0.011555763892829418,1.429206371307373,0.039327990263700485,1,2,1,0,0,8,40,0.9340746998786926,0.2567592259711564,14.168683315205648
1,64,64,8.0,8.0,3,0.0,1.0,7.023964881896973,8.0,0.9760351181030273,8.57866096496582,0.2092522829771042,0.615384578704834,0.07832146435976028,0.8952280282974243,-0.048757534474134445,0.013260724022984505,2.634652614593506,0.010704239830374718,1,2,1,0,0,8,40,0.9340746998786926,0.2567592259711564,14.168683315205648
2,32,32,16.0,16.0,2,0.0,0.5,8.466687202453613,8.0,-0.4666872024536133,15.119147300720215,0.14254386723041534,0.5043859481811523,0.11094598472118378,0.896036684513092,-0.01883469708263874,-0.2151927947998047,2.4722023010253906,0.015047090128064156,1,2,1,0,0,8,40,0.9340746998786926,0.2567592259711564,14.168683315205648
3,16,16,32.0,32.0,1,0.0,0.25,8.729851722717285,8.0,-0.7298517227172852,9.649943351745605,0.028301887214183807,0.5188679099082947,0.4412061870098114,0.6817429065704346,0.06239268556237221,0.6443889737129211,1.8118804693222046,0.14898370206356049,1,2,1,0,0,8,40,0.9340746998786926,0.2567592259711564,14.168683315205648
0,128,128,4.0,4.0,3,2.0,0.0,7.737595558166504,8.0,0.2624044418334961,7.03721809387207,0.03828463330864906,0.5056818127632141,0.04175250232219696,0.95351642370224,-0.02544661983847618,0.5013725757598877,0.03858691453933716,0.0031961656641215086,1,2,1,1,8,0,1,0.9969944357872009,0.054823026300990285,331.716232027764
1,64,64,8.0,8.0,3,1.0,0.0,8.147237777709961,8.0,-0.14723777770996094,5.125425815582275,0.09672131389379501,0.45628416538238525,0.06314243376255035,0.9014144539833069,-0.0035899244248867035,1.3051263093948364,0.07889842987060547,0.00939504336565733,1,2,1,1,8,0,1,0.9969944357872009,0.054823026300990285,331.716232027764
2,32,32,16.0,16.0,2,0.5,0.0,8.042020797729492,8.0,-0.04202079772949219,9.494095802307129,0.18552036583423615,0.5022624731063843,0.1500459462404251,0.8314193487167358,0.0001386652293149382,2.4363224506378174,-0.41414394974708557,0.033500004559755325,1,2,1,1,8,0,1,0.9969944357872009,0.054823026300990285,331.716232027764
3,16,16,32.0,32.0,1,0.25,0.0,5.800285339355469,8.0,2.1997146606445312,8.323232650756836,0.34343433380126953,0.7171717286109924,0.5380918979644775,0.5769183039665222,0.08843498677015305,3.424044609069824,-0.4289800226688385,0.23940210044384003,1,2,1,1,8,0,1,0.9969944357872009,0.054823026300990285,331.716232027764
0,128,128,4.0,4.0,3,2.0,0.0,7.773789882659912,8.0,0.2262101173400879,7.664595603942871,0.03598484769463539,0.49512988328933716,0.05407596006989479,0.9459204077720642,-0.059680305421352386,0.4597393572330475,0.04166476055979729,0.004289618227630854,1,2,1,1,8,0,5,0.9909166693687439,0.09530650886091728,109.09177586897036
1,64,64,8.0,8.0,3,1.0,0.0,8.155289649963379,8.0,-0.1552896499633789,6.021169185638428,0.09180328249931335,0.44535520672798157,0.06583845615386963,0.9014884829521179,-0.011352606117725372,1.2682369947433472,0.08022721111774445,0.009668628685176373,1,2,1,1,8,0,5,0.9909166693687439,0.09530650886091728,109.09177586897036
2,32,32,16.0,16.0,2,0.5,0.0,8.131787300109863,8.0,-0.13178730010986328,9.47785758972168,0.16968326270580292,0.5045248866081238,0.14607536792755127,0.8403118252754211,0.0027136679273098707,2.294064521789551,-0.42291441559791565,0.03125448897480965,1,2,1,1,8,0,5,0.9909166693687439,0.09530650886091728,109.09177586897036
3,16,16,32.0,32.0,1,0.25,0.0,5.909402847290039,8.0,2.090597152709961,8.323232650756836,0.34343433380126953,0.7171717286109924,0.5320777297019958,0.5858182907104492,0.08764006197452545,3.3061389923095703,-0.42887863516807556,0.2322019338607788,1,2,1,1,8,0,5,0.9909166693687439,0.09530650886091728,109.09177586897036
0,128,128,4.0,4.0,3,2.0,0.0,7.807487487792969,8.0,0.19251251220703125,7.845002174377441,0.03206168860197067,0.49215367436408997,0.07180677354335785,0.9314936995506287,-0.09626831859350204,0.4236019253730774,0.04530313238501549,0.006715836469084024,1,2,1,1,8,0,10,0.9831954836845398,0.1296322348625534,58.5078121397637
1,64,64,8.0,8.0,3,1.0,0.0,8.177600860595703,8.0,-0.17760086059570312,6.515155792236328,0.09289617836475372,0.4409836232662201,0.06967015564441681,0.9002971649169922,-0.01945418305695057,1.2211962938308716,0.08043605834245682,0.010230899788439274,1,2,1,1,8,0,10,0.9831954836845398,0.1296322348625534,58.5078121397637
2,32,32,16.0,16.0,2,0.5,0.0,8.232623100280762,8.0,-0.23262310028076172,9.390669822692871,0.16063348948955536,0.48868781328201294,0.14133109152317047,0.850035548210144,0.0049914647825062275,2.1253340244293213,-0.42601269483566284,0.02871708571910858,1,2,1,1,8,0,10,0.9831954836845398,0.1296322348625534,58.5078121397637
3,16,16,32.0,32.0,1,0.25,0.0,6.014900207519531,8.0,1.9850997924804688,8.323232650756836,0.3232323229312897,0.7171717286109924,0.5291925072669983,0.5911347270011902,0.08776652812957764,3.184575319290161,-0.43567222356796265,0.22816883027553558,1,2,1,1,8,0,10,0.9831954836845398,0.1296322348625534,58.5078121397637
0,128,128,4.0,4.0,3,2.0,0.0,7.85731840133667,8.0,0.14268159866333008,7.9621381759643555,0.028409091755747795,0.48471319675445557,0.11247540265321732,0.8946085572242737,-0.1576870083808899,0.3714749217033386,0.05093119293451309,0.015803169459104538,1,2,1,1,8,0,20,0.9673463702201843,0.18070315376278212,29.62446676657473
1,64,64,8.0,8.0,3,1.0,0.0,8.228436470031738,8.0,-0.22843647003173828,7.061476707458496,0.08907104283571243,0.4300546646118164,0.07632093876600266,0.8991801142692566,-0.03372712433338165,1.1172699928283691,0.0774001032114029,0.011022351682186127,1,2,1,1,8,0,20,0.9673463702201843,0.18070315376278212,29.62446676657473
2,32,32,16.0,16.0,2,0.5,0.0,8.36388874053955,8.0,-0.3638887405395508,9.151457786560059,0.1515837162733078,0.4705882668495178,0.13591700792312622,0.8624027967453003,0.008586476556956768,1.9086074829101562,-0.4067958891391754,0.02558017708361149,1,2,1,1,8,0,20,0.9673463702201843,0.18070315376278212,29.62446676657473
3,16,16,32.0,32.0,1,0.25,0.0,6.149106025695801,8.0,1.8508939743041992,8.323232650756836,0.28282827138900757,0.7171717286109924,0.5233678817749023,0.6000946164131165,0.08724255114793777,2.986619710922241,-0.43150627613067627,0.22079159319400787,1,2,1,1,8,0,20,0.9673463702201843,0.18070315376278212,29.62446676657473
0,128,128,4.0,4.0,3,2.0,0.0,7.920480251312256,8.0,0.07951974868774414,8.035564422607422,0.023133117705583572,0.48322510719299316,0.19941172003746033,0.8131110072135925,-0.2527002990245819,0.3003193438053131,0.05498921498656273,0.049574971199035645,1,2,1,1,8,0,40,0.9340746998786926,0.2567592259711564,14.168683315205648
1,64,64,8.0,8.0,3,1.0,0.0,8.293350219726562,8.0,-0.2933502197265625,7.40560245513916,0.08142076432704926,0.4229508340358734,0.09123031795024872,0.8936006426811218,-0.059569451957941055,0.9879030585289001,0.06353720277547836,0.013217355124652386,1,2,1,1,8,0,40,0.9340746998786926,0.2567592259711564,14.168683315205648
2,32,32,16.0,16.0,2,0.5,0.0,8.512998580932617,8.0,-0.5129985809326172,9.044153213500977,0.13348416984081268,0.43891406059265137,0.1303253471851349,0.8769351243972778,0.013384799472987652,1.6752374172210693,-0.37516069412231445,0.02202770486474037,1,2,1,1,8,0,40,0.9340746998786926,0.2567592259711564,14.168683315205648
3,16,16,32.0,32.0,1,0.25,0.0,6.347516059875488,8.0,1.6524839401245117,8.323232650756836,0.2525252401828766,0.7070707082748413,0.5192782282829285,0.6086767315864563,0.08786041289567947,2.7311739921569824,-0.4249098002910614,0.21453595161437988,1,2,1,1,8,0,40,0.9340746998786926,0.2567592259711564,14.168683315205648
0,128,128,4.0,4.0,3,2.0,2.0,9.85129451751709,11.313708498984761,1.4624139814676713,8.082673072814941,0.009604978375136852,0.15259739756584167,0.04284779354929924,0.944428026676178,-0.020063668489456177,0.5384553670883179,2.0756049156188965,0.003970481920987368,1,2,1,2,8,8,1,0.9969944357872009,0.054823026300990285,331.716232027764
1,64,64,8.0,8.0,3,1.0,1.0,9.749066352844238,11.313708498984761,1.5646421461405229,6.050097465515137,0.040437158197164536,0.2852459251880646,0.06352724134922028,0.8970167636871338,-0.002403476508334279,1.3354873657226562,3.123034715652466,0.009849170222878456,1,2,1,2,8,8,1,0.9969944357872009,0.054823026300990285,331.716232027764
2,32,32,16.0,16.0,2,0.5,0.5,10.811333656311035,11.313708498984761,0.502374842673726,19.739227294921875,0.07013574987649918,0.26696833968162537,0.1257479041814804,0.8676867485046387,-0.051334358751773834,1.4267001152038574,2.9329745769500732,0.02150886133313179,1,2,1,2,8,8,1,0.9969944357872009,0.054823026300990285,331.716232027764
3,16,16,32.0,32.0,1,0.25,0.25,9.802098274230957,11.313708498984761,1.5116102247538041,15.188652992248535,0.06060606241226196,0.3636363744735718,0.428951621055603,0.6920517683029175,0.04457525908946991,3.397662878036499,1.937961459159851,0.14072464406490326,1,2,1,2,8,8,1,0.9969944357872009,0.054823026300990285,331.716232027764
0,128,128,4.0,4.0,3,2.0,2.0,9.928182601928711,11.313708498984761,1.3855258970560502,9.3510160446167,0.009199134074151516,0.1425865739583969,0.051847927272319794,0.9386566877365112,-0.047066524624824524,0.504398763179779,1.9742109775543213,0.004712303169071674,1,2,1,2,8,8,5,0.9909166693687439,0.09530650886091728,109.09177586897036
1,64,64,8.0,8.0,3,1.0,1.0,9.775190353393555,11.313708498984761,1.5385181455912065,7.748849391937256,0.04371584951877594,0.2775956392288208,0.06416025757789612,0.8979482054710388,-0.009361638687551022,1.299777865409851,3.0827441215515137,0.009785288944840431,1,2,1,2,8,8,5,0.9909166693687439,0.09530650886091728,109.09177586897036
2,32,32,16.0,16.0,2,0.5,0.5,10.862224578857422,11.313708498984761,0.4514839201273393,19.30622673034668,0.0656108632683754,0.2624434530735016,0.120926633477211,0.8744564056396484,-0.04711882397532463,1.34925377368927,2.7921953201293945,0.019764285534620285,1,2,1,2,8,8,5,0.9909166693687439,0.09530650886091728,109.09177586897036
3,16,16,32.0,32.0,1,0.25,0.25,9.819097518920898,11.313708498984761,1.4946109800638627,15.047395706176758,0.08080808073282242,0.3737373650074005,0.4221344292163849,0.7006964683532715,0.04359878599643707,3.2227327823638916,1.9518976211547852,0.13459546864032745,1,2,1,2,8,8,5,0.9909166693687439,0.09530650886091728,109.09177586897036
0,128,128,4.0,4.0,3,2.0,2.0,10.013386726379395,11.313708498984761,1.3003217726053666,9.953717231750488,0.008387445472180843,0.13622835278511047,0.06509041041135788,0.9269493818283081,-0.07789869606494904,0.4719635844230652,1.8643505573272705,0.0063716331496834755,1,2,1,2,8,8,10,0.9831954836845398,0.1296322348625534,58.5078121397637
1,64,64,8.0,8.0,3,1.0,1.0,9.816718101501465,11.313708498984761,1.4969903974832963,8.864847183227539,0.043169401586055756,0.26885247230529785,0.065554179251194,0.898047685623169,-0.017406200990080833,1.2512261867523193,3.0349984169006348,0.009876170195639133,1,2,1,2,8,8,10,0.9831954836845398,0.1296322348625534,58.5078121397637
2,32,32,16.0,16.0,2,0.5,0.5,10.92104721069336,11.313708498984761,0.3926612882914018,18.937475204467773,0.05882353335618973,0.26696833968162537,0.11590544134378433,0.8821443319320679,-0.04236717149615288,1.2451738119125366,2.642404079437256,0.017903687432408333,1,2,1,2,8,8,10,0.9831954836845398,0.1296322348625534,58.5078121397637
3,16,16,32.0,32.0,1,0.25,0.25,9.834234237670898,11.313708498984761,1.4794742613138627,14.906137466430664,0.08080808073282242,0.3636363744735718,0.41743430495262146,0.7058264017105103,0.04336700215935707,3.077976703643799,1.9331529140472412,0.1310235559940338,1,2,1,2,8,8,10,0.9831954836845398,0.1296322348625534,58.5078121397637
0,128,128,4.0,4.0,3,2.0,2.0,10.160219192504883,11.313708498984761,1.1534893064798784,10.549813270568848,0.007846320047974586,0.12635281682014465,0.09630808234214783,0.8961454033851624,-0.13229745626449585,0.4214281439781189,1.6774131059646606,0.012648112140595913,1,2,1,2,8,8,20,0.9673463702201843,0.18070315376278212,29.62446676657473
1,64,64,8.0,8.0,3,1.0,1.0,9.908382415771484,11.313708498984761,1.4053260832132768,10.153733253479004,0.03989071026444435,0.25901639461517334,0.06816179305315018,0.8995869755744934,-0.032844558358192444,1.1379715204238892,2.9235401153564453,0.009776695631444454,1,2,1,2,8,8,20,0.9673463702201843,0.18070315376278212,29.62446676657473
2,32,32,16.0,16.0,2,0.5,0.5,10.982746124267578,11.313708498984761,0.33096237471718304,18.22820472717285,0.05882353335618973,0.24208146333694458,0.11018013209104538,0.8914889693260193,-0.03548382595181465,1.1155822277069092,2.496958017349243,0.015777774155139923,1,2,1,2,8,8,20,0.9673463702201843,0.18070315376278212,29.62446676657473
3,16,16,32.0,32.0,1,0.25,0.25,9.820225715637207,11.313708498984761,1.4934827833475541,14.60837459564209,0.08080808073282242,0.38383838534355164,0.41087278723716736,0.7134929895401001,0.04415688291192055,2.854435443878174,1.9395637512207031,0.12533384561538696,1,2,1,2,8,8,20,0.9673463702201843,0.18070315376278212,29.62446676657473
0,128,128,4.0,4.0,3,2.0,2.0,10.39023208618164,11.313708498984761,0.9234764128031205,10.98620319366455,0.0074404762126505375,0.11471861600875854,0.16718530654907227,0.8257841467857361,-0.2207636833190918,0.348140686750412,1.3786324262619019,0.037567801773548126,1,2,1,2,8,8,40,0.9340746998786926,0.2567592259711564,14.168683315205648
1,64,64,8.0,8.0,3,1.0,1.0,10.04471492767334,11.313708498984761,1.2689935713114213,11.419273376464844,0.03606557473540306,0.2535519301891327,0.07588391751050949,0.8990725874900818,-0.06214315444231033,0.984027624130249,2.73545503616333,0.010127517394721508,1,2,1,2,8,8,40,0.9340746998786926,0.2567592259711564,14.168683315205648
2,32,32,16.0,16.0,2,0.5,0.5,11.073538780212402,11.313708498984761,0.24016971877235882,17.300506591796875,0.05882353335618973,0.22850680351257324,0.10425753891468048,0.9023940563201904,-0.026123760268092155,0.9736208319664001,2.2992653846740723,0.013537142425775528,1,2,1,2,8,8,40,0.9340746998786926,0.2567592259711564,14.168683315205648
3,16,16,32.0,32.0,1,0.25,0.25,9.829895973205566,11.313708498984761,1.4838125257791948,14.325860977172852,0.06060606241226196,0.38383838534355164,0.4068869650363922,0.7195492386817932,0.04663022235035896,2.567662000656128,1.9399394989013672,0.12160598486661911,1,2,1,2,8,8,40,0.9340746998786926,0.2567592259711564,14.168683315205648
0,128,128,4.0,4.0,3,-2.0,0.0,7.5252814292907715,8.0,0.4747185707092285,6.773998737335205,0.05230769142508507,0.5712374448776245,0.04625966399908066,0.9421470165252686,-0.030868008732795715,-0.8707594871520996,-0.003380806650966406,0.005620224867016077,1,2,1,3,-8,0,1,0.9969944357872009,0.054823026300990285,331.716232027764
1,64,64,8.0,8.0,3,-1.0,0.0,7.990793704986572,8.0,0.009206295013427734,5.258849143981934,0.09503239393234253,0.5043196678161621,0.06876076012849808,0.8900051116943359,-0.008912965655326843,-1.9800931215286255,-0.16049452126026154,0.011824356392025948,1,2,1,3,-8,0,1,0.9969944357872009,0.054823026300990285,331.716232027764
2,32,32,16.0,16.0,2,-0.5,0.0,7.856593132019043,8.0,0.14340686798095703,9.576934814453125,0.13245032727718353,0.5298013091087341,0.15669071674346924,0.8252179622650146,-0.006572023034095764,-3.627326011657715,-0.2840854525566101,0.036468204110860825,1,2,1,3,-8,0,1,0.9969944357872009,0.054823026300990285,331.716232027764
3,16,16,32.0,32.0,1,-0.25,0.0,6.404821395874023,8.0,1.5951786041259766,8.0,0.2857142984867096,0.7428571581840515,0.5172455906867981,0.5869805812835693,0.07965382188558578,-2.9082140922546387,-0.2981317639350891,0.22484934329986572,1,2,1,3,-8,0,1,0.9969944357872009,0.054823026300990285,331.716232027764
0,128,128,4.0,4.0,3,-2.0,0.0,7.568122863769531,8.0,0.43187713623046875,7.361103057861328,0.048695653676986694,0.5581271052360535,0.058134544640779495,0.93495112657547,-0.06477835029363632,-0.8237215876579285,-0.005601468961685896,0.006722782272845507,1,2,1,3,-8,0,5,0.9909166693687439,0.09530650886091728,109.09177586897036
1,64,64,8.0,8.0,3,-1.0,0.0,7.999014854431152,8.0,0.0009851455688476562,6.172090530395508,0.09125269949436188,0.5053995251655579,0.07085559517145157,0.8903442025184631,-0.01627175323665142,-1.9291739463806152,-0.1552780121564865,0.01192257460206747,1,2,1,3,-8,0,5,0.9909166693687439,0.09530650886091728,109.09177586897036
2,32,32,16.0,16.0,2,-0.5,0.0,7.940046310424805,8.0,0.05995368957519531,9.555907249450684,0.12141280621290207,0.5320088267326355,0.15097174048423767,0.8348187804222107,-0.008348662406206131,-3.470560312271118,-0.2893117368221283,0.03361159935593605,1,2,1,3,-8,0,5,0.9909166693687439,0.09530650886091728,109.09177586897036
3,16,16,32.0,32.0,1,-0.25,0.0,6.457120895385742,8.0,1.5428791046142578,8.0,0.27619048953056335,0.7428571581840515,0.5093331933021545,0.5968553423881531,0.07727451622486115,-2.8518264293670654,-0.2878682613372803,0.21606133878231049,1,2,1,3,-8,0,5,0.9909166693687439,0.09530650886091728,109.09177586897036
0,128,128,4.0,4.0,3,-2.0,0.0,7.612600326538086,8.0,0.38739967346191406,7.567651748657227,0.044682275503873825,0.5511705875396729,0.07531169056892395,0.9212794303894043,-0.10150126367807388,-0.7768098711967468,-0.005745164584368467,0.00910461787134409,1,2,1,3,-8,0,10,0.9831954836845398,0.1296322348625534,58.5078121397637
1,64,64,8.0,8.0,3,-1.0,0.0,8.009394645690918,8.0,-0.009394645690917969,6.547945022583008,0.09071274101734161,0.49622029066085815,0.07409300655126572,0.8898589015007019,-0.02386452630162239,-1.87533700466156,-0.15292589366436005,0.012322895228862762,1,2,1,3,-8,0,10,0.9831954836845398,0.1296322348625534,58.5078121397637
2,32,32,16.0,16.0,2,-0.5,0.0,8.03331184387207,8.0,-0.03331184387207031,9.457456588745117,0.10816776752471924,0.5275937914848328,0.14462241530418396,0.8455310463905334,-0.010060328990221024,-3.2826948165893555,-0.2938084304332733,0.03051602467894554,1,2,1,3,-8,0,10,0.9831954836845398,0.1296322348625534,58.5078121397637
3,16,16,32.0,32.0,1,-0.25,0.0,6.539761066436768,8.0,1.4602389335632324,8.0,0.2857142984867096,0.723809540271759,0.5044466853141785,0.6033599972724915,0.07627879083156586,-2.759721040725708,-0.29049378633499146,0.21073435246944427,1,2,1,3,-8,0,10,0.9831954836845398,0.1296322348625534,58.5078121397637
0,128,128,4.0,4.0,3,-2.0,0.0,7.685150623321533,8.0,0.3148493766784668,7.759152412414551,0.03999999910593033,0.5367224216461182,0.11504817754030228,0.8860145211219788,-0.16351549327373505,-0.6989976167678833,-0.0033329930156469345,0.017922107130289078,1,2,1,3,-8,0,20,0.9673463702201843,0.18070315376278212,29.62446676657473
1,64,64,8.0,8.0,3,-1.0,0.0,8.036160469055176,8.0,-0.03616046905517578,7.090338230133057,0.07991360127925873,0.5026997923851013,0.08006571978330612,0.8899732232093811,-0.03783945366740227,-1.7616676092147827,-0.15099477767944336,0.0129249207675457,1,2,1,3,-8,0,20,0.9673463702201843,0.18070315376278212,29.62446676657473
2,32,32,16.0,16.0,2,-0.5,0.0,8.176644325256348,8.0,-0.17664432525634766,9.352301597595215,0.094922736287117,0.50772625207901,0.13738536834716797,0.8589835166931152,-0.013201485387980938,-3.0128185749053955,-0.2913735508918762,0.02685435302555561,1,2,1,3,-8,0,20,0.9673463702201843,0.18070315376278212,29.62446676657473
3,16,16,32.0,32.0,1,-0.25,0.0,6.701888084411621,8.0,1.298111915588379,8.0,0.29523810744285583,0.6857143044471741,0.49618270993232727,0.6142509579658508,0.07442096620798111,-2.5858776569366455,-0.2883663773536682,0.20165906846523285,1,2,1,3,-8,0,20,0.9673463702201843,0.18070315376278212,29.62446676657473
0,128,128,4.0,4.0,3,-2.0,0.0,7.784326076507568,8.0,0.21567392349243164,7.898263931274414,0.03224080428481102,0.5169230699539185,0.2008589804172516,0.8068539500236511,-0.2600337266921997,-0.5829675793647766,0.0020744644571095705,0.050653789192438126,1,2,1,3,-8,0,40,0.9340746998786926,0.2567592259711564,14.168683315205648
1,64,64,8.0,8.0,3,-1.0,0.0,8.080501556396484,8.0,-0.08050155639648438,7.417974472045898,0.06803455203771591,0.4913606643676758,0.09378066658973694,0.8871819376945496,-0.06380414217710495,-1.5628960132598877,-0.14582020044326782,0.014674058184027672,1,2,1,3,-8,0,40,0.9340746998786926,0.2567592259711564,14.168683315205648
2,32,32,16.0,16.0,2,-0.5,0.0,8.356101036071777,8.0,-0.35610103607177734,9.140746116638184,0.09713023900985718,0.47902870178222656,0.12909828126430511,0.8755228519439697,-0.01806965470314026,-2.6604361534118652,-0.28912219405174255,0.02262852154672146,1,2,1,3,-8,0,40,0.9340746998786926,0.2567592259711564,14.168683315205648
3,16,16,32.0,32.0,1,-0.25,0.0,6.975896835327148,8.0,1.0241031646728516,8.0,0.27619048953056335,0.6857143044471741,0.48740658164024353,0.6274210214614868,0.07346009463071823,-2.2978978157043457,-0.2662461996078491,0.19198492169380188,1,2,1,3,-8,0,40,0.9340746998786926,0.2567592259711564,14.168683315205648
0,128,128,4.0,4.0,3,0.0,-2.0,6.090997219085693,8.0,1.9090027809143066,6.158309459686279,0.21033701300621033,0.8141734004020691,0.042953796684741974,0.9442574977874756,-0.014165920205414295,-0.0044322931207716465,-2.126044750213623,0.00409831153228879,1,2,1,4,0,-8,1,0.9969944357872009,0.054823026300990285,331.716232027764
1,64,64,8.0,8.0,3,0.0,-1.0,6.474055290222168,8.0,1.525944709777832,4.499848365783691,0.2409897744655609,0.677783727645874,0.06578626483678818,0.8930948972702026,0.004669764079153538,0.004703531973063946,-3.286550998687744,0.010818073526024818,1,2,1,4,0,-8,1,0.9969944357872009,0.054823026300990285,331.716232027764
2,32,32,16.0,16.0,2,0.0,-0.5,7.731101989746094,8.0,0.26889801025390625,17.011810302734375,0.17763158679008484,0.5635964870452881,0.13234740495681763,0.8581314086914062,-0.04318784549832344,-0.19540123641490936,-5.1459059715271,0.02501499280333519,1,2,1,4,0,-8,1,0.9969944357872009,0.054823026300990285,331.716232027764
3,16,16,32.0,32.0,1,0.0,-0.25,8.38388442993164,8.0,-0.3838844299316406,11.73413372039795,0.12264151126146317,0.5094339847564697,0.44500964879989624,0.6620610356330872,0.053721752017736435,-0.03512753173708916,-3.4116573333740234,0.15861399471759796,1,2,1,4,0,-8,1,0.9969944357872009,0.054823026300990285,331.716232027764
0,128,128,4.0,4.0,3,0.0,-2.0,6.211772441864014,8.0,1.7882275581359863,7.102625846862793,0.19741573929786682,0.7880644798278809,0.052388351410627365,0.9378336668014526,-0.04467631131410599,-0.0038961514364928007,-2.0223548412323,0.004884461406618357,1,2,1,4,0,-8,5,0.9909166693687439,0.09530650886091728,109.09177586897036
1,64,64,8.0,8.0,3,0.0,-1.0,6.522342205047607,8.0,1.4776577949523926,5.953979969024658,0.23507261276245117,0.6670252680778503,0.06667046248912811,0.8937900066375732,-0.0026557797100394964,0.030315354466438293,-3.241685390472412,0.0107644721865654,1,2,1,4,0,-8,5,0.9909166693687439,0.09530650886091728,109.09177586897036
2,32,32,16.0,16.0,2,0.0,-0.5,7.715576648712158,8.0,0.2844233512878418,16.574840545654297,0.1732456088066101,0.5635964870452881,0.12838999927043915,0.8636453151702881,-0.04314262792468071,-0.1810823380947113,-5.075238227844238,0.023527586832642555,1,2,1,4,0,-8,5,0.9909166693687439,0.09530650886091728,109.09177586897036
3,16,16,32.0,32.0,1,0.0,-0.25,8.35220718383789,8.0,-0.3522071838378906,11.498427391052246,0.11320754885673523,0.5377358794212341,0.44177740812301636,0.6676676869392395,0.05363525450229645,0.06381577998399734,-3.433861494064331,0.15491165220737457,1,2,1,4,0,-8,5,0.9909166693687439,0.09530650886091728,109.09177586897036
0,128,128,4.0,4.0,3,0.0,-2.0,6.342461109161377,8.0,1.657538890838623,7.4632954597473145,0.1832955926656723,0.7604901790618896,0.06618110835552216,0.9254090785980225,-0.07856505364179611,-0.0022347946651279926,-1.9094370603561401,0.006670916453003883,1,2,1,4,0,-8,10,0.9831954836845398,0.1296322348625534,58.5078121397637
1,64,64,8.0,8.0,3,0.0,-1.0,6.579165935516357,8.0,1.4208340644836426,6.731302738189697,0.22915545105934143,0.6616460084915161,0.06836102157831192,0.8937354683876038,-0.010280356742441654,0.04302268475294113,-3.1898839473724365,0.01091038715094328,1,2,1,4,0,-8,10,0.9831954836845398,0.1296322348625534,58.5078121397637
2,32,32,16.0,16.0,2,0.0,-0.5,7.6655778884887695,8.0,0.33442211151123047,16.12359046936035,0.1666666716337204,0.5657894611358643,0.12355633080005646,0.8707034587860107,-0.042378537356853485,-0.1727270781993866,-4.960663795471191,0.0215314794331789,1,2,1,4,0,-8,10,0.9831954836845398,0.1296322348625534,58.5078121397637
3,16,16,32.0,32.0,1,0.0,-0.25,8.304327964782715,8.0,-0.30432796478271484,10.791308403015137,0.11320754885673523,0.5283018946647644,0.44174179434776306,0.6688371300697327,0.05515027046203613,0.08634383976459503,-3.4175894260406494,0.15443147718906403,1,2,1,4,0,-8,10,0.9831954836845398,0.1296322348625534,58.5078121397637
0,128,128,4.0,4.0,3,0.0,-2.0,6.559267997741699,8.0,1.4407320022583008,7.814597129821777,0.15598773956298828,0.7226588129997253,0.09863685816526413,0.8932861685752869,-0.13743266463279724,0.002742531942203641,-1.7162013053894043,0.013507784344255924,1,2,1,4,0,-8,20,0.9673463702201843,0.18070315376278212,29.62446676657473
1,64,64,8.0,8.0,3,0.0,-1.0,6.679436206817627,8.0,1.320563793182373,7.689076900482178,0.22216244041919708,0.6422807574272156,0.07124950736761093,0.895021915435791,-0.024325868114829063,0.057842809706926346,-3.066326856613159,0.010890203528106213,1,2,1,4,0,-8,20,0.9673463702201843,0.18070315376278212,29.62446676657473
2,32,32,16.0,16.0,2,0.0,-0.5,7.611814498901367,8.0,0.3881855010986328,15.60184097290039,0.1732456088066101,0.5614035129547119,0.11845192313194275,0.8793550729751587,-0.04242914915084839,-0.14393673837184906,-4.792359828948975,0.019264254719018936,1,2,1,4,0,-8,20,0.9673463702201843,0.18070315376278212,29.62446676657473
3,16,16,32.0,32.0,1,0.0,-0.25,8.249350547790527,8.0,-0.24935054779052734,10.876070976257324,0.12264151126146317,0.5283018946647644,0.441107839345932,0.6714591979980469,0.05642472580075264,0.15473830699920654,-3.3974454402923584,0.15293319523334503,1,2,1,4,0,-8,20,0.9673463702201843,0.18070315376278212,29.62446676657473
0,128,128,4.0,4.0,3,0.0,-2.0,6.886719226837158,8.0,1.1132807731628418,8.035582542419434,0.11855601519346237,0.6723058223724365,0.17218157649040222,0.8208047151565552,-0.23251989483833313,0.012083145789802074,-1.4033328294754028,0.040519244968891144,1,2,1,4,0,-8,40,0.9340746998786926,0.2567592259711564,14.168683315205648
1,64,64,8.0,8.0,3,0.0,-1.0,6.820261478424072,8.0,1.1797385215759277,8.687633514404297,0.2119418978691101,0.6196879744529724,0.079148069024086,0.8942968249320984,-0.05070506036281586,0.07354874908924103,-2.849531888961792,0.01128390897065401,1,2,1,4,0,-8,40,0.9340746998786926,0.2567592259711564,14.168683315205648
2,32,32,16.0,16.0,2,0.0,-0.5,7.546058654785156,8.0,0.45394134521484375,14.639056205749512,0.17763158679008484,0.5833333134651184,0.11279010027647018,0.8897255659103394,-0.04347382113337517,-0.10395130515098572,-4.522490501403809,0.01664646714925766,1,2,1,4,0,-8,40,0.9340746998786926,0.2567592259711564,14.168683315205648
3,16,16,32.0,32.0,1,0.0,-0.25,8.147439956665039,8.0,-0.14743995666503906,9.885648727416992,0.12264151126146317,0.5188679099082947,0.442731648683548,0.6732063889503479,0.05929911881685257,0.2454061061143875,-3.3531813621520996,0.1527499407529831,1,2,1,4,0,-8,40,0.9340746998786926,0.2567592259711564,14.168683315205648
0,128,128,4.0,4.0,3,0.0,2.0,5.995946884155273,8.0,2.0040531158447266,6.068785667419434,0.23781903088092804,0.7554782629013062,0.0457875020802021,0.9347765445709229,-0.013709411956369877,0.0029106761794537306,2.2450644969940186,0.005132682621479034,2,2,2,0,0,8,1,0.9969944357872009,0.054823026300990285,331.716232027764
1,64,64,8.0,8.0,3,0.0,1.0,6.964927673339844,8.0,1.0350723266601562,4.338056564331055,0.2145077884197235,0.6139896512031555,0.07004254311323166,0.8830843567848206,0.005832410417497158,0.09456788748502731,3.0312952995300293,0.012364531867206097,2,2,2,0,0,8,1,0.9969944357872009,0.054823026300990285,331.716232027764
2,32,32,16.0,16.0,2,0.0,0.5,8.953508377075195,8.0,-0.9535083770751953,19.06926727294922,0.12159328907728195,0.5031446218490601,0.13696199655532837,0.8528962135314941,-0.049868423491716385,-0.5238974690437317,3.1466245651245117,0.02613653615117073,2,2,2,0,0,8,1,0.9969944357872009,0.054823026300990285,331.716232027764
3,16,16,32.0,32.0,1,0.0,0.25,9.772229194641113,8.0,-1.7722291946411133,11.59815502166748,0.104347825050354,0.3913043439388275,0.4629630744457245,0.6470514535903931,0.05844878405332565,-0.23766814172267914,1.7942109107971191,0.1740736961364746,2,2,2,0,0,8,1,0.9969944357872009,0.054823026300990285,331.716232027764
0,128,128,4.0,4.0,3,0.0,2.0,6.101840019226074,8.0,1.8981599807739258,7.02663516998291,0.22235113382339478,0.7378190755844116,0.05512592941522598,0.9285210371017456,-0.04417404159903526,0.008714068681001663,2.1472573280334473,0.005938296671956778,2,2,2,0,0,8,5,0.9909166693687439,0.09530650886091728,109.09177586897036
1,64,64,8.0,8.0,3,0.0,1.0,7.0129499435424805,8.0,0.9870500564575195,5.8843255043029785,0.21139897406101227,0.6067357659339905,0.07046665996313095,0.8843843936920166,-0.001891897525638342,0.09544584900140762,2.9711039066314697,0.012126903980970383,2,2,2,0,0,8,5,0.9909166693687439,0.09530650886091728,109.09177586897036
2,32,32,16.0,16.0,2,0.0,0.5,8.928653717041016,8.0,-0.9286537170410156,18.18219757080078,0.12368972599506378,0.4926624596118927,0.13201414048671722,0.8597857356071472,-0.045154351741075516,-0.5472749471664429,3.037729501724243,0.02414688840508461,2,2,2,0,0,8,5,0.9909166693687439,0.09530650886091728,109.09177586897036
3,16,16,32.0,32.0,1,0.0,0.25,9.727873802185059,8.0,-1.7278738021850586,12.032673835754395,0.104347825050354,0.3913043439388275,0.45777392387390137,0.6526294946670532,0.05680219084024429,-0.281266450881958,1.845524787902832,0.168947234749794,2,2,2,0,0,8,5,0.9909166693687439,0.09530650886091728,109.09177586897036
0,128,128,4.0,4.0,3,0.0,2.0,6.221057415008545,8.0,1.778942584991455,7.449249744415283,0.20714102685451508,0.7242846488952637,0.0690380334854126,0.9163217544555664,-0.07807116210460663,0.011179016903042793,2.039137840270996,0.00782382395118475,2,2,2,0,0,8,10,0.9831954836845398,0.1296322348625534,58.5078121397637
1,64,64,8.0,8.0,3,0.0,1.0,7.064486026763916,8.0,0.935513973236084,6.790426731109619,0.20829015970230103,0.602072536945343,0.07186900079250336,0.8847933411598206,-0.009805693291127682,0.09035608917474747,2.906451463699341,0.012144607491791248,2,2,2,0,0,8,10,0.9831954836845398,0.1296322348625534,58.5078121397637
2,32,32,16.0,16.0,2,0.0,0.5,8.909467697143555,8.0,-0.9094676971435547,17.709529876708984,0.12997902929782867,0.4926624596118927,0.12678565084934235,0.8676677942276001,-0.039871908724308014,-0.5691292881965637,2.909005641937256,0.02199689857661724,2,2,2,0,0,8,10,0.9831954836845398,0.1296322348625534,58.5078121397637
3,16,16,32.0,32.0,1,0.0,0.25,9.692824363708496,8.0,-1.692824363708496,11.754412651062012,0.104347825050354,0.3913043439388275,0.45540139079093933,0.655266523361206,0.05628388375043869,-0.2892912030220032,1.8563241958618164,0.16665782034397125,2,2,2,0,0,8,10,0.9831954836845398,0.1296322348625534,58.5078121397637
0,128,128,4.0,4.0,3,0.0,2.0,6.430887222290039,8.0,1.569112777709961,7.802117824554443,0.18239237368106842,0.6955401301383972,0.10195478796958923,0.8848028182983398,-0.13702943921089172,0.011075057089328766,1.8474458456039429,0.014986926689743996,2,2,2,0,0,8,20,0.9673463702201843,0.18070315376278212,29.62446676657473
1,64,64,8.0,8.0,3,0.0,1.0,7.142176628112793,8.0,0.857823371887207,7.645847797393799,0.20000000298023224,0.5906736254692078,0.07422740757465363,0.886793851852417,-0.024293022230267525,0.08341084420681,2.7712254524230957,0.011875569820404053,2,2,2,0,0,8,20,0.9673463702201843,0.18070315376278212,29.62446676657473
2,32,32,16.0,16.0,2,0.0,0.5,8.847920417785645,8.0,-0.8479204177856445,17.148529052734375,0.13417190313339233,0.4926624596118927,0.12067745625972748,0.8774573802947998,-0.03256765380501747,-0.556416928768158,2.788989305496216,0.019419394433498383,2,2,2,0,0,8,20,0.9673463702201843,0.18070315376278212,29.62446676657473
3,16,16,32.0,32.0,1,0.0,0.25,9.542889595031738,8.0,-1.5428895950317383,11.693410873413086,0.11304347217082977,0.417391300201416,0.4530777335166931,0.6589661836624146,0.056514035910367966,-0.24021241068840027,1.9065523147583008,0.1632794439792633,2,2,2,0,0,8,20,0.9673463702201843,0.18070315376278212,29.62446676657473
0,128,128,4.0,4.0,3,0.0,2.0,6.765873908996582,8.0,1.234126091003418,8.072883605957031,0.14591389894485474,0.650941014289856,0.17517291009426117,0.8139857649803162,-0.23122087121009827,0.007917101494967937,1.52773118019104,0.0424613356590271,2,2,2,0,0,8,40,0.9340746998786926,0.2567592259711564,14.168683315205648
1,64,64,8.0,8.0,3,0.0,1.0,7.24765157699585,8.0,0.7523484230041504,8.480241775512695,0.1989637315273285,0.5725389122962952,0.08196068555116653,0.8865708112716675,-0.05164739489555359,0.06899087131023407,2.5491535663604736,0.012131915427744389,2,2,2,0,0,8,40,0.9340746998786926,0.2567592259711564,14.168683315205648
2,32,32,16.0,16.0,2,0.0,0.5,8.794352531433105,8.0,-0.7943525314331055,16.421220779418945,0.12997902929782867,0.4800838530063629,0.11435461044311523,0.8884677290916443,-0.022824084386229515,-0.5316687822341919,2.625030279159546,0.016700124368071556,2,2,2,0,0,8,40,0.9340746998786926,0.2567592259711564,14.168683315205648
3,16,16,32.0,32.0,1,0.0,0.25,9.331816673278809,8.0,-1.3318166732788086,11.693410873413086,0.1304347813129425,0.4260869324207306,0.45006677508354187,0.6636261940002441,0.05735132470726967,-0.23108592629432678,2.009594678878784,0.159567192196846,2,2,2,0,0,8,40,0.9340746998786926,0.2567592259711564,14.168683315205648
0,128,128,4.0,4.0,3,2.0,0.0,7.631471157073975,8.0,0.3685288429260254,6.862557888031006,0.05613713711500168,0.5151792764663696,0.04539398476481438,0.9425292611122131,-0.028807835653424263,0.6611703634262085,0.026854678988456726,0.00449388800188899,2,2,2,1,8,0,1,0.9969944357872009,0.054823026300990285,331.716232027764
1,64,64,8.0,8.0,3,1.0,0.0,8.231063842773438,8.0,-0.2310638427734375,5.2858123779296875,0.08942662179470062,0.44818517565727234,0.06973462551832199,0.8884138464927673,-0.004793694242835045,1.5071228742599487,0.03294432908296585,0.011910620145499706,2,2,2,1,8,0,1,0.9969944357872009,0.054823026300990285,331.716232027764
2,32,32,16.0,16.0,2,0.5,0.0,8.112086296081543,8.0,-0.11208629608154297,9.695894241333008,0.17926564812660217,0.4708423316478729,0.1621994972229004,0.8084246516227722,-0.004987643100321293,2.9321208000183105,-0.426308274269104,0.040874183177948,2,2,2,1,8,0,1,0.9969944357872009,0.054823026300990285,331.716232027764
3,16,16,32.0,32.0,1,0.25,0.0,6.014533996582031,8.0,1.9854660034179688,9.777777671813965,0.37037038803100586,0.7685185074806213,0.5613159537315369,0.5414767265319824,0.09197065979242325,3.3261730670928955,-0.2810268700122833,0.27340659499168396,2,2,2,1,8,0,1,0.9969944357872009,0.054823026300990285,331.716232027764
0,128,128,4.0,4.0,3,2.0,0.0,7.676898956298828,8.0,0.3231010437011719,7.518248558044434,0.05247317627072334,0.5132164359092712,0.05754972994327545,0.9353979825973511,-0.062182988971471786,0.6110814213752747,0.02528395503759384,0.005702071823179722,2,2,2,1,8,0,5,0.9909166693687439,0.09530650886091728,109.09177586897036
1,64,64,8.0,8.0,3,1.0,0.0,8.237627029418945,8.0,-0.2376270294189453,6.331830978393555,0.08890058100223541,0.44818517565727234,0.07211541384458542,0.8884404301643372,-0.012377203442156315,1.449634313583374,0.01592893898487091,0.012188248336315155,2,2,2,1,8,0,5,0.9909166693687439,0.09530650886091728,109.09177586897036
2,32,32,16.0,16.0,2,0.5,0.0,8.218201637268066,8.0,-0.2182016372680664,9.801717758178711,0.16630668938159943,0.46004319190979004,0.15792177617549896,0.8178714513778687,-0.0019628088921308517,2.7029385566711426,-0.4472648501396179,0.03840257599949837,2,2,2,1,8,0,5,0.9909166693687439,0.09530650886091728,109.09177586897036
3,16,16,32.0,32.0,1,0.25,0.0,6.14591121673584,8.0,1.8540887832641602,9.777777671813965,0.34259259700775146,0.7407407760620117,0.5551427006721497,0.5497406721115112,0.09049324691295624,3.2126712799072266,-0.30840396881103516,0.2656264007091522,2,2,2,1,8,0,5,0.9909166693687439,0.09530650886091728,109.09177586897036
0,128,128,4.0,4.0,3,2.0,0.0,7.721388339996338,8.0,0.2786116600036621,7.782679557800293,0.04841664433479309,0.512300431728363,0.07520909607410431,0.921542763710022,-0.0982983186841011,0.5643613934516907,0.025694355368614197,0.008284571580588818,2,2,2,1,8,0,10,0.9831954836845398,0.1296322348625534,58.5078121397637
1,64,64,8.0,8.0,3,1.0,0.0,8.253995895385742,8.0,-0.2539958953857422,6.996861934661865,0.08890058100223541,0.44765913486480713,0.07566693425178528,0.8876492381095886,-0.020089952275156975,1.3788503408432007,0.004936631768941879,0.012784063816070557,2,2,2,1,8,0,10,0.9831954836845398,0.1296322348625534,58.5078121397637
2,32,32,16.0,16.0,2,0.5,0.0,8.35025691986084,8.0,-0.35025691986083984,9.7979097366333,0.1619870364665985,0.44924405217170715,0.15233734250068665,0.8291488289833069,0.0008147500338964164,2.435889482498169,-0.4671512842178345,0.03537341207265854,2,2,2,1,8,0,10,0.9831954836845398,0.1296322348625534,58.5078121397637
3,16,16,32.0,32.0,1,0.25,0.0,6.272168159484863,8.0,1.7278318405151367,9.777777671813965,0.3333333432674408,0.7314814925193787,0.5519298315048218,0.5540340542793274,0.09000969678163528,3.100564479827881,-0.33962589502334595,0.2617150843143463,2,2,2,1,8,0,10,0.9831954836845398,0.1296322348625534,58.5078121397637
0,128,128,4.0,4.0,3,2.0,0.0,7.789507865905762,8.0,0.21049213409423828,7.934077262878418,0.040303584188222885,0.508505642414093,0.1156911551952362,0.8858068585395813,-0.15922604501247406,0.4924781620502472,0.026804016903042793,0.01759384013712406,2,2,2,1,8,0,20,0.9673463702201843,0.18070315376278212,29.62446676657473
1,64,64,8.0,8.0,3,1.0,0.0,8.297935485839844,8.0,-0.29793548583984375,7.5632758140563965,0.07995791733264923,0.44239872694015503,0.08170614391565323,0.8876944184303284,-0.03364226222038269,1.224168062210083,-0.009151232428848743,0.013522917404770851,2,2,2,1,8,0,20,0.9673463702201843,0.18070315376278212,29.62446676657473
2,32,32,16.0,16.0,2,0.5,0.0,8.527442932128906,8.0,-0.5274429321289062,10.142125129699707,0.14470842480659485,0.4319654405117035,0.146122545003891,0.8434098958969116,0.005016550421714783,2.0792105197906494,-0.4730064868927002,0.03174017369747162,2,2,2,1,8,0,20,0.9673463702201843,0.18070315376278212,29.62446676657473
3,16,16,32.0,32.0,1,0.25,0.0,6.4495391845703125,8.0,1.5504608154296875,9.777777671813965,0.3240740895271301,0.7222222089767456,0.5469700694084167,0.5611081123352051,0.08908969163894653,2.858610153198242,-0.3519822955131531,0.25520166754722595,2,2,2,1,8,0,20,0.9673463702201843,0.18070315376278212,29.62446676657473
0,128,128,4.0,4.0,3,2.0,0.0,7.876317977905273,8.0,0.12368202209472656,8.024033546447754,0.029965978115797043,0.498168021440506,0.2018909901380539,0.8064523339271545,-0.25383687019348145,0.3934440314769745,0.02888590097427368,0.051496442407369614,2,2,2,1,8,0,40,0.9340746998786926,0.2567592259711564,14.168683315205648
1,64,64,8.0,8.0,3,1.0,0.0,8.36164379119873,8.0,-0.36164379119873047,7.856058120727539,0.07469752430915833,0.43819043040275574,0.09600051492452621,0.8838304281234741,-0.058834321796894073,1.027061104774475,-0.017716236412525177,0.01571030728518963,2,2,2,1,8,0,40,0.9340746998786926,0.2567592259711564,14.168683315205648
2,32,32,16.0,16.0,2,0.5,0.0,8.756637573242188,8.0,-0.7566375732421875,9.975994110107422,0.13390928506851196,0.39308854937553406,0.13993681967258453,0.8594869375228882,0.010396243073046207,1.716428518295288,-0.4931197762489319,0.027783626690506935,2,2,2,1,8,0,40,0.9340746998786926,0.2567592259711564,14.168683315205648
3,16,16,32.0,32.0,1,0.25,0.0,6.713175296783447,8.0,1.2868247032165527,9.777777671813965,0.3055555522441864,0.7129629850387573,0.5435564517974854,0.567924439907074,0.08972187340259552,2.531615734100342,-0.37806084752082825,0.2500442862510681,2,2,2,1,8,0,40,0.9340746998786926,0.2567592259711564,14.168683315205648
0,128,128,4.0,4.0,3,2.0,2.0,9.739890098571777,11.313708498984761,1.5738184004129838,7.986537456512451,0.015571840107440948,0.1737765073776245,0.04689136520028114,0.9334141612052917,-0.024017885327339172,0.68780118227005,2.174015760421753,0.005302479490637779,2,2,2,2,8,8,1,0.9969944357872009,0.054823026300990285,331.716232027764
1,64,64,8.0,8.0,3,1.0,1.0,9.805912971496582,11.313708498984761,1.5077955274881791,5.719029426574707,0.046817466616630554,0.2782745957374573,0.06934279203414917,0.8855941295623779,-0.003247220069169998,1.5447510480880737,3.0713577270507812,0.011950325220823288,2,2,2,2,8,8,1,0.9969944357872009,0.054823026300990285,331.716232027764
2,32,32,16.0,16.0,2,0.5,0.5,11.32066535949707,11.313708498984761,-0.006956860512309149,21.98402976989746,0.06263498961925507,0.2786177098751068,0.1374335139989853,0.8522552847862244,-0.06515900790691376,1.54776132106781,3.081974744796753,0.025986041873693466,2,2,2,2,8,8,1,0.9969944357872009,0.054823026300990285,331.716232027764
3,16,16,32.0,32.0,1,0.25,0.25,10.895307540893555,11.313708498984761,0.4184009580912065,16.223407745361328,0.1111111119389534,0.3333333432674408,0.44669824838638306,0.6625245213508606,0.045929763466119766,2.8788986206054688,1.790078043937683,0.16217832267284393,2,2,2,2,8,8,1,0.9969944357872009,0.054823026300990285,331.716232027764
0,128,128,4.0,4.0,3,2.0,2.0,9.81217098236084,11.313708498984761,1.5015375166239213,9.196444511413574,0.014132426120340824,0.16841141879558563,0.05633300542831421,0.9273530840873718,-0.05065900459885597,0.6378986239433289,2.094338893890381,0.0061957621946930885,2,2,2,2,8,8,5,0.9909166693687439,0.09530650886091728,109.09177586897036
1,64,64,8.0,8.0,3,1.0,1.0,9.844186782836914,11.313708498984761,1.469521716147847,7.334444522857666,0.047343503683805466,0.26722776889801025,0.06962978839874268,0.8868956565856934,-0.009531393647193909,1.4790118932724,3.0376498699188232,0.011720187030732632,2,2,2,2,8,8,5,0.9909166693687439,0.09530650886091728,109.09177586897036
2,32,32,16.0,16.0,2,0.5,0.5,11.33910846710205,11.313708498984761,-0.025399968117289617,21.119516372680664,0.056155506521463394,0.269978404045105,0.13282456994056702,0.859207272529602,-0.059190936386585236,1.442105770111084,2.9917569160461426,0.02409103885293007,2,2,2,2,8,8,5,0.9909166693687439,0.09530650886091728,109.09177586897036
3,16,16,32.0,32.0,1,0.25,0.25,10.913067817687988,11.313708498984761,0.4006406812967729,16.496356964111328,0.1111111119389534,0.3611111044883728,0.44180580973625183,0.6690237522125244,0.046162500977516174,2.7189786434173584,1.871045708656311,0.15667752921581268,2,2,2,2,8,8,5,0.9909166693687439,0.09530650886091728,109.09177586897036
0,128,128,4.0,4.0,3,2.0,2.0,9.893917083740234,11.313708498984761,1.4197914152445268,9.78804874420166,0.012038733810186386,0.16056007146835327,0.07026475667953491,0.915208637714386,-0.08102580159902573,0.5913138389587402,2.000699043273926,0.008148584514856339,2,2,2,2,8,8,10,0.9831954836845398,0.1296322348625534,58.5078121397637
1,64,64,8.0,8.0,3,1.0,1.0,9.90073299407959,11.313708498984761,1.4129755049051713,8.488482475280762,0.04523934796452522,0.2561809718608856,0.07071791589260101,0.8873527646064758,-0.016774876043200493,1.3981491327285767,2.996591091156006,0.01173649076372385,2,2,2,2,8,8,10,0.9831954836845398,0.1296322348625534,58.5078121397637
2,32,32,16.0,16.0,2,0.5,0.5,11.359162330627441,11.313708498984761,-0.04545383164268024,21.396223068237305,0.05831533297896385,0.2634989023208618,0.12735901772975922,0.8674348592758179,-0.052831437438726425,1.3119316101074219,2.8787574768066406,0.021881692111492157,2,2,2,2,8,8,10,0.9831954836845398,0.1296322348625534,58.5078121397637
3,16,16,32.0,32.0,1,0.25,0.25,10.915459632873535,11.313708498984761,0.398248866111226,16.496356964111328,0.10185185074806213,0.3611111044883728,0.43991950154304504,0.6720621585845947,0.047171637415885925,2.6405816078186035,1.9014703035354614,0.15437142550945282,2,2,2,2,8,8,10,0.9831954836845398,0.1296322348625534,58.5078121397637
0,128,128,4.0,4.0,3,2.0,2.0,10.041098594665527,11.313708498984761,1.2726099043192338,10.339872360229492,0.010075896047055721,0.14263282716274261,0.10303636640310287,0.8835954666137695,-0.1343487799167633,0.5188984274864197,1.8267110586166382,0.015389321371912956,2,2,2,2,8,8,20,0.9673463702201843,0.18070315376278212,29.62446676657473
1,64,64,8.0,8.0,3,1.0,1.0,10.01807689666748,11.313708498984761,1.2956316023172807,9.946895599365234,0.04366122931241989,0.24197790026664734,0.07240554690361023,0.8896381855010986,-0.030463319271802902,1.2309837341308594,2.899818181991577,0.011426396667957306,2,2,2,2,8,8,20,0.9673463702201843,0.18070315376278212,29.62446676657473
2,32,32,16.0,16.0,2,0.5,0.5,11.334760665893555,11.313708498984761,-0.021052166908793524,21.179771423339844,0.05183584988117218,0.23974081873893738,0.12039443105459213,0.8780208826065063,-0.04389234259724617,1.167432188987732,2.7849857807159424,0.01910925842821598,2,2,2,2,8,8,20,0.9673463702201843,0.18070315376278212,29.62446676657473
3,16,16,32.0,32.0,1,0.25,0.25,10.827824592590332,11.313708498984761,0.48588390639442913,16.366870880126953,0.0833333358168602,0.3611111044883728,0.4382624924182892,0.6766951084136963,0.04991167038679123,2.4582326412200928,2.0077693462371826,0.15061528980731964,2,2,2,2,8,8,20,0.9673463702201843,0.18070315376278212,29.62446676657473
0,128,128,4.0,4.0,3,2.0,2.0,10.282137870788574,11.313708498984761,1.031570628196187,10.771805763244629,0.009290761314332485,0.12248102575540543,0.1762801855802536,0.8124613165855408,-0.22078479826450348,0.4155096411705017,1.5257619619369507,0.04306800290942192,2,2,2,2,8,8,40,0.9340746998786926,0.2567592259711564,14.168683315205648
1,64,64,8.0,8.0,3,1.0,1.0,10.188597679138184,11.313708498984761,1.1251108198465776,11.625075340270996,0.03629668802022934,0.22724881768226624,0.07893703132867813,0.8896899223327637,-0.05758186802268028,1.017615795135498,2.7410411834716797,0.011604495346546173,2,2,2,2,8,8,40,0.9340746998786926,0.2567592259711564,14.168683315205648
2,32,32,16.0,16.0,2,0.5,0.5,11.300943374633789,11.313708498984761,0.012765124350972101,20.258930206298828,0.05183584988117218,0.21598272025585175,0.11304971575737,0.8899228572845459,-0.032534461468458176,1.0539878606796265,2.654571056365967,0.016192473471164703,2,2,2,2,8,8,40,0.9340746998786926,0.2567592259711564,14.168683315205648
3,16,16,32.0,32.0,1,0.25,0.25,10.669885635375977,11.313708498984761,0.6438228636087846,15.575977325439453,0.07407407462596893,0.3240740895271301,0.4399367868900299,0.6803444027900696,0.055074721574783325,2.2140636444091797,2.1553852558135986,0.14884281158447266,2,2,2,2,8,8,40,0.9340746998786926,0.2567592259711564,14.168683315205648
0,128,128,4.0,4.0,3,-2.0,0.0,7.542797088623047,8.0,0.4572029113769531,6.565103054046631,0.057679761201143265,0.557092547416687,0.04850924387574196,0.9349400401115417,-0.03308720886707306,-0.8692845106124878,0.003729073563590646,0.006217490881681442,2,2,2,3,-8,0,1,0.9969944357872009,0.054823026300990285,331.716232027764
1,64,64,8.0,8.0,3,-1.0,0.0,8.08866024017334,8.0,-0.08866024017333984,4.9826884269714355,0.09900471568107605,0.5117862820625305,0.07583116739988327,0.875945508480072,-0.01152854785323143,-1.9854769706726074,-0.12807098031044006,0.014597154222428799,2,2,2,3,-8,0,1,0.9969944357872009,0.054823026300990285,331.716232027764
2,32,32,16.0,16.0,2,-0.5,0.0,7.992205619812012,8.0,0.007794380187988281,9.43537712097168,0.1351931393146515,0.5429184436798096,0.17127692699432373,0.8009505271911621,-0.009505883790552616,-3.573568344116211,-0.2367461621761322,0.045145563781261444,2,2,2,3,-8,0,1,0.9969944357872009,0.054823026300990285,331.716232027764
3,16,16,32.0,32.0,1,-0.25,0.0,6.359103679656982,8.0,1.6408963203430176,8.146788597106934,0.3211008906364441,0.7339448928833008,0.5642251372337341,0.537294864654541,0.09411487728357315,-2.7704360485076904,-0.2139628678560257,0.2747701108455658,2,2,2,3,-8,0,1,0.9969944357872009,0.054823026300990285,331.716232027764
0,128,128,4.0,4.0,3,-2.0,0.0,7.582498073577881,8.0,0.41750192642211914,7.252083778381348,0.054286833852529526,0.5462612509727478,0.06069040298461914,0.9276963472366333,-0.06627192348241806,-0.8255369067192078,0.009826384484767914,0.007462368346750736,2,2,2,3,-8,0,5,0.9909166693687439,0.09530650886091728,109.09177586897036
1,64,64,8.0,8.0,3,-1.0,0.0,8.108501434326172,8.0,-0.10850143432617188,5.866939067840576,0.095337875187397,0.5070717930793762,0.07791509479284286,0.8758119940757751,-0.018771570175886154,-1.9440056085586548,-0.11938849836587906,0.014669413678348064,2,2,2,3,-8,0,5,0.9909166693687439,0.09530650886091728,109.09177586897036
2,32,32,16.0,16.0,2,-0.5,0.0,8.063780784606934,8.0,-0.0637807846069336,9.296881675720215,0.1266094446182251,0.5386266112327576,0.16683246195316315,0.8097532987594604,-0.011779213324189186,-3.4369325637817383,-0.22857092320919037,0.04233979433774948,2,2,2,3,-8,0,5,0.9909166693687439,0.09530650886091728,109.09177586897036
3,16,16,32.0,32.0,1,-0.25,0.0,6.428035736083984,8.0,1.5719642639160156,8.146788597106934,0.3211008906364441,0.7431192398071289,0.5607663989067078,0.5439711809158325,0.09349251538515091,-2.711738348007202,-0.2047935575246811,0.26948389410972595,2,2,2,3,-8,0,5,0.9909166693687439,0.09530650886091728,109.09177586897036
0,128,128,4.0,4.0,3,-2.0,0.0,7.6228814125061035,8.0,0.3771185874938965,7.559769630432129,0.05128539726138115,0.5406498908996582,0.07864031195640564,0.9137670993804932,-0.1024138480424881,-0.7815622091293335,0.0151557931676507,0.010229655541479588,2,2,2,3,-8,0,10,0.9831954836845398,0.1296322348625534,58.5078121397637
1,64,64,8.0,8.0,3,-1.0,0.0,8.1282958984375,8.0,-0.1282958984375,6.348423004150391,0.08957570046186447,0.5044525861740112,0.08112111687660217,0.8749615550041199,-0.026037978008389473,-1.8961207866668701,-0.11217180639505386,0.015065864659845829,2,2,2,3,-8,0,10,0.9831954836845398,0.1296322348625534,58.5078121397637
2,32,32,16.0,16.0,2,-0.5,0.0,8.143575668334961,8.0,-0.14357566833496094,9.156094551086426,0.11158798635005951,0.5343347787857056,0.16100874543190002,0.8205276727676392,-0.013660500757396221,-3.26277494430542,-0.23551934957504272,0.03885975480079651,2,2,2,3,-8,0,10,0.9831954836845398,0.1296322348625534,58.5078121397637
3,16,16,32.0,32.0,1,-0.25,0.0,6.515183448791504,8.0,1.484816551208496,8.146788597106934,0.302752286195755,0.7431192398071289,0.5589275360107422,0.5477134585380554,0.09355112165212631,-2.6271908283233643,-0.21349604427814484,0.26662546396255493,2,2,2,3,-8,0,10,0.9831954836845398,0.1296322348625534,58.5078121397637
0,128,128,4.0,4.0,3,-2.0,0.0,7.687279224395752,8.0,0.31272077560424805,7.788132667541504,0.0459350124001503,0.532037079334259,0.11987349390983582,0.8776996731758118,-0.16356082260608673,-0.7091233134269714,0.021905824542045593,0.020085889846086502,2,2,2,3,-8,0,20,0.9673463702201843,0.18070315376278212,29.62446676657473
1,64,64,8.0,8.0,3,-1.0,0.0,8.168249130249023,8.0,-0.16824913024902344,6.937000274658203,0.08381351828575134,0.4992142617702484,0.08706513792276382,0.8747484683990479,-0.03943556547164917,-1.792320728302002,-0.10816605389118195,0.015583911910653114,2,2,2,3,-8,0,20,0.9673463702201843,0.18070315376278212,29.62446676657473
2,32,32,16.0,16.0,2,-0.5,0.0,8.243946075439453,8.0,-0.24394607543945312,8.93775463104248,0.09871244430541992,0.5171673893928528,0.15423226356506348,0.8341400027275085,-0.016949133947491646,-3.006103038787842,-0.23835207521915436,0.03458080068230629,2,2,2,3,-8,0,20,0.9673463702201843,0.18070315376278212,29.62446676657473
3,16,16,32.0,32.0,1,-0.25,0.0,6.658417701721191,8.0,1.3415822982788086,8.146788597106934,0.302752286195755,0.7431192398071289,0.5541277527809143,0.5556602478027344,0.0929746925830841,-2.4866039752960205,-0.21144406497478485,0.2599673271179199,2,2,2,3,-8,0,20,0.9673463702201843,0.18070315376278212,29.62446676657473
0,128,128,4.0,4.0,3,-2.0,0.0,7.768864154815674,8.0,0.23113584518432617,7.886988162994385,0.03862717002630234,0.5264256596565247,0.20724700391292572,0.7975675463676453,-0.2586357891559601,-0.6046703457832336,0.02599802240729332,0.055167242884635925,2,2,2,3,-8,0,40,0.9340746998786926,0.2567592259711564,14.168683315205648
1,64,64,8.0,8.0,3,-1.0,0.0,8.215824127197266,8.0,-0.21582412719726562,7.62866735458374,0.07752750813961029,0.48716607689857483,0.1016693040728569,0.871208131313324,-0.06422834098339081,-1.619765281677246,-0.10428488254547119,0.017448851838707924,2,2,2,3,-8,0,40,0.9340746998786926,0.2567592259711564,14.168683315205648
2,32,32,16.0,16.0,2,-0.5,0.0,8.349809646606445,8.0,-0.3498096466064453,9.016468048095703,0.10085836797952652,0.5107296109199524,0.14689718186855316,0.8507821559906006,-0.021791642531752586,-2.671358585357666,-0.25581225752830505,0.02972065843641758,2,2,2,3,-8,0,40,0.9340746998786926,0.2567592259711564,14.168683315205648
3,16,16,32.0,32.0,1,-0.25,0.0,6.864663600921631,8.0,1.1353363990783691,8.146788597106934,0.31192660331726074,0.7155963182449341,0.5481847524642944,0.5655651688575745,0.0929064154624939,-2.266460418701172,-0.21416881680488586,0.2520146071910858,2,2,2,3,-8,0,40,0.9340746998786926,0.2567592259711564,14.168683315205648
0,128,128,4.0,4.0,3,0.0,-2.0,6.062220573425293,8.0,1.937779426574707,6.025887966156006,0.21990203857421875,0.7828049063682556,0.04556402191519737,0.9357375502586365,-0.013034185394644737,-0.005566960666328669,-2.1882734298706055,0.0051345424726605415,2,2,2,4,0,-8,1,0.9969944357872009,0.054823026300990285,331.716232027764
1,64,64,8.0,8.0,3,0.0,-1.0,6.707796573638916,8.0,1.292203426361084,4.097215175628662,0.2248704731464386,0.6606217622756958,0.07166709005832672,0.8818106651306152,0.0060311583802104,-0.023935111239552498,-3.173025369644165,0.013182410039007664,2,2,2,4,0,-8,1,0.9969944357872009,0.054823026300990285,331.716232027764
2,32,32,16.0,16.0,2,0.0,-0.5,8.12044620513916,8.0,-0.12044620513916016,18.778911590576172,0.17610062658786774,0.5262054204940796,0.13859131932258606,0.8505955338478088,-0.050685781985521317,-0.32376667857170105,-4.731338977813721,0.027758466079831123,2,2,2,4,0,-8,1,0.9969944357872009,0.054823026300990285,331.716232027764
3,16,16,32.0,32.0,1,0.0,-0.25,8.909566879272461,8.0,-0.9095668792724609,12.467193603515625,0.08695651590824127,0.43478259444236755,0.4607745409011841,0.6417748332023621,0.053391315042972565,-0.5354680418968201,-2.7638838291168213,0.174705371260643,2,2,2,4,0,-8,1,0.9969944357872009,0.054823026300990285,331.716232027764
0,128,128,4.0,4.0,3,0.0,-2.0,6.1782002449035645,8.0,1.8217997550964355,7.010075092315674,0.20843002200126648,0.7663058042526245,0.05437814071774483,0.9300640225410461,-0.0421353243291378,-0.002817723900079727,-2.085156202316284,0.005915367975831032,2,2,2,4,0,-8,5,0.9909166693687439,0.09530650886091728,109.09177586897036
1,64,64,8.0,8.0,3,0.0,-1.0,6.78629207611084,8.0,1.2137079238891602,5.36441707611084,0.2129533737897873,0.6502590775489807,0.07215382158756256,0.8830206394195557,-0.001565700862556696,0.005468260031193495,-3.092439651489258,0.01296653039753437,2,2,2,4,0,-8,5,0.9909166693687439,0.09530650886091728,109.09177586897036
2,32,32,16.0,16.0,2,0.0,-0.5,8.063532829284668,8.0,-0.06353282928466797,18.00783920288086,0.1740041822195053,0.5283018946647644,0.13377639651298523,0.8579707145690918,-0.050135865807533264,-0.35315877199172974,-4.6547722816467285,0.02565823681652546,2,2,2,4,0,-8,5,0.9909166693687439,0.09530650886091728,109.09177586897036
3,16,16,32.0,32.0,1,0.0,-0.25,8.843939781188965,8.0,-0.8439397811889648,12.450065612792969,0.0782608687877655,0.44347822666168213,0.455195814371109,0.6481068134307861,0.05272885784506798,-0.5035513639450073,-2.7767586708068848,0.1694919615983963,2,2,2,4,0,-8,5,0.9909166693687439,0.09530650886091728,109.09177586897036
0,128,128,4.0,4.0,3,0.0,-2.0,6.3021931648254395,8.0,1.6978068351745605,7.426139831542969,0.19476670026779175,0.7507089972496033,0.06736426055431366,0.918800950050354,-0.07472311705350876,0.000678559357766062,-1.9755162000656128,0.007634351495653391,2,2,2,4,0,-8,10,0.9831954836845398,0.1296322348625534,58.5078121397637
1,64,64,8.0,8.0,3,0.0,-1.0,6.865177631378174,8.0,1.1348223686218262,6.4236979484558105,0.20777203142642975,0.6409326791763306,0.07355902343988419,0.8834468722343445,-0.009446123614907265,0.022195087745785713,-3.011742115020752,0.013011051341891289,2,2,2,4,0,-8,10,0.9831954836845398,0.1296322348625534,58.5078121397637
2,32,32,16.0,16.0,2,0.0,-0.5,8.009121894836426,8.0,-0.009121894836425781,17.276525497436523,0.16561844944953918,0.5303983092308044,0.1284651905298233,0.8663259148597717,-0.048626262694597244,-0.3644983172416687,-4.548492908477783,0.0233642365783453,2,2,2,4,0,-8,10,0.9831954836845398,0.1296322348625534,58.5078121397637
3,16,16,32.0,32.0,1,0.0,-0.25,8.754752159118652,8.0,-0.7547521591186523,12.310935020446777,0.0782608687877655,0.4521738886833191,0.4536632299423218,0.6497957110404968,0.053187914192676544,-0.5676853656768799,-2.7886998653411865,0.16808673739433289,2,2,2,4,0,-8,10,0.9831954836845398,0.1296322348625534,58.5078121397637
0,128,128,4.0,4.0,3,0.0,-2.0,6.513435363769531,8.0,1.4865646362304688,7.800556182861328,0.1698891520500183,0.7229956388473511,0.09822896122932434,0.8891830444335938,-0.13189584016799927,0.006667853333055973,-1.7839128971099854,0.014009039849042892,2,2,2,4,0,-8,20,0.9673463702201843,0.18070315376278212,29.62446676657473
1,64,64,8.0,8.0,3,0.0,-1.0,6.983359336853027,8.0,1.0166406631469727,7.697725296020508,0.1989637315273285,0.638342022895813,0.07602301239967346,0.8855087161064148,-0.024089379236102104,0.044432204216718674,-2.861903667449951,0.01279420591890812,2,2,2,4,0,-8,20,0.9673463702201843,0.18070315376278212,29.62446676657473
2,32,32,16.0,16.0,2,0.0,-0.5,7.943798065185547,8.0,0.056201934814453125,16.904735565185547,0.16561844944953918,0.5408805012702942,0.1219107136130333,0.8767832517623901,-0.047393374145030975,-0.34003746509552,-4.408547878265381,0.020564116537570953,2,2,2,4,0,-8,20,0.9673463702201843,0.18070315376278212,29.62446676657473
3,16,16,32.0,32.0,1,0.0,-0.25,8.605802536010742,8.0,-0.6058025360107422,11.832541465759277,0.104347825050354,0.46086955070495605,0.45119139552116394,0.6534579992294312,0.054017309099435806,-0.6214653849601746,-2.798963785171509,0.1655314862728119,2,2,2,4,0,-8,20,0.9673463702201843,0.18070315376278212,29.62446676657473
0,128,128,4.0,4.0,3,0.0,-2.0,6.8478312492370605,8.0,1.1521687507629395,8.068521499633789,0.1288992017507553,0.6798143982887268,0.16845552623271942,0.8211092948913574,-0.2244943231344223,0.010313371196389198,-1.461488962173462,0.03905458748340607,2,2,2,4,0,-8,40,0.9340746998786926,0.2567592259711564,14.168683315205648
1,64,64,8.0,8.0,3,0.0,-1.0,7.136269569396973,8.0,0.8637304306030273,8.706936836242676,0.18911917507648468,0.6170984506607056,0.08367215096950531,0.8856821656227112,-0.05115369334816933,0.07967782020568848,-2.626777172088623,0.012978478334844112,2,2,2,4,0,-8,40,0.9340746998786926,0.2567592259711564,14.168683315205648
2,32,32,16.0,16.0,2,0.0,-0.5,7.89224100112915,8.0,0.10775899887084961,15.652722358703613,0.16981130838394165,0.5387840270996094,0.11490219831466675,0.8886443376541138,-0.04702091962099075,-0.28092673420906067,-4.167266368865967,0.017573779448866844,2,2,2,4,0,-8,40,0.9340746998786926,0.2567592259711564,14.168683315205648
3,16,16,32.0,32.0,1,0.0,-0.25,8.42997932434082,8.0,-0.4299793243408203,11.180763244628906,0.11304347217082977,0.48695650696754456,0.4510006010532379,0.6562938690185547,0.05600801110267639,-0.691297173500061,-2.825174331665039,0.16402289271354675,2,2,2,4,0,-8,40,0.9340746998786926,0.2567592259711564,14.168683315205648
