step,total,coarse_image,candidate_proxy,candidate_mse,final_image,latent,smooth,bending,jacobian,delta,preserve,gate_bce,gate,utility_target,utility_positive,relative_gain,grad_norm
1,0.1649380475282669,0.15427541732788086,0.0006119726458564401,0.0006119726458564401,0.15427541732788086,0.015360457822680473,0.058243803679943085,67.97531127929688,0.0018890992505475879,0.0,0.0,0.09009478986263275,0.018000001087784767,0.01798621006309986,0.0,0.0,0.0030851312913000584
5,0.17770151793956757,0.1556970328092575,0.0005163277965039015,0.0005163277965039015,0.15569694340229034,0.016894930973649025,0.03753931447863579,59.47023010253906,0.0015983076300472021,1.627870005904697e-05,0.0,0.29569974541664124,0.01801931858062744,0.07219065725803375,0.0460611991584301,-0.0004020181077066809,0.0058967238292098045
10,0.15038400888442993,0.10253438353538513,0.00010700027632992715,0.00010700027632992715,0.10253378003835678,0.0034887243527919054,0.02392009273171425,39.02626037597656,3.627433761721477e-05,3.891078449669294e-05,0.0,0.570207953453064,0.018086539581418037,0.107265904545784,0.0783962681889534,0.001267054583877325,0.01411981601268053
15,0.23300030827522278,0.14336708188056946,0.0002721671189647168,0.0002721671189647168,0.14336612820625305,0.008223697543144226,0.03887204825878143,49.709320068359375,0.0006636538309976459,8.007369615370408e-05,0.0,0.9838545918464661,0.01819104515016079,0.17728087306022644,0.16552734375,-0.00014925209688954055,0.027689171954989433
20,0.2680615186691284,0.09286604076623917,4.268109842087142e-05,4.268109842087142e-05,0.09286393225193024,0.0013262293068692088,0.007680501788854599,15.776056289672852,1.0160663421743266e-08,0.000163264645379968,0.0,1.9000593423843384,0.018364230170845985,0.3177056312561035,0.3099500834941864,0.026476945728063583,0.062134966254234314
25,0.2713412642478943,0.11049123108386993,0.000252330006333068,0.000252330006333068,0.11048556864261627,0.006575643550604582,0.04071236401796341,56.46843338012695,0.0007376886787824333,0.0002929710317403078,0.0,1.6282176971435547,0.018688632175326347,0.26970112323760986,0.2606065571308136,0.005039097275584936,0.06507987529039383
30,0.2897907495498657,0.12881456315517426,0.0005161710432730615,0.0005161710432730615,0.12880782783031464,0.011978136375546455,0.05929514393210411,71.63111877441406,0.0014052781043574214,0.0005104293231852353,0.0,1.5545451641082764,0.019383225589990616,0.26402488350868225,0.2559678852558136,-0.008014030754566193,0.0885276347398758
35,0.2588205337524414,0.11414427310228348,3.135085717076436e-05,3.135085717076436e-05,0.11413465440273285,0.0009920651791617274,0.007186876609921455,14.156414031982422,1.5471076039830223e-05,0.0008653298718854785,0.0,1.6412513256072998,0.02096785046160221,0.2942489683628082,0.287407785654068,-0.08869131654500961,0.15331661701202393
40,0.26062440872192383,0.1067117303609848,0.00033483721199445426,0.00033483721199445426,0.10667949914932251,0.007829107344150543,0.040464580059051514,56.668861389160156,0.00044131872709840536,0.001355749904178083,0.0,1.5417500734329224,0.024896807968616486,0.2714897692203522,0.2638617753982544,-0.05884651467204094,0.26204586029052734
45,0.21001780033111572,0.06737050414085388,0.0008056199876591563,0.0008056199876591563,0.0673423707485199,0.013545270077884197,0.05388636142015457,64.82279205322266,0.0006230792496353388,0.0020585544407367706,0.0,1.238158106803894,0.035706669092178345,0.22693991661071777,0.2195366770029068,-0.1186765804886818,0.40053656697273254
50,0.24100247025489807,0.13856622576713562,0.0005313971196301281,0.0005313971196301281,0.13843072950839996,0.012369253672659397,0.058529146015644073,69.3149185180664,0.0016296575777232647,0.002836966421455145,0.0,0.990392804145813,0.0758478045463562,0.2577437460422516,0.251708984375,-0.33875375986099243,0.618207573890686
55,0.09757744520902634,0.0316995270550251,0.00014791662397328764,0.00014791662397328764,0.03176804259419441,0.0028879407327622175,0.01899443194270134,29.349769592285156,0.00015199958579614758,0.003032240318134427,6.851553916931152e-05,0.6243541240692139,0.25757694244384766,0.21150828897953033,0.203884556889534,-0.4422948360443115,0.10953610390424728
60,0.12304449826478958,0.04190489277243614,0.00032257934799417853,0.00032257934799417853,0.041810162365436554,0.005945610348135233,0.03487224876880646,46.59661102294922,0.0003882155870087445,0.0019412628607824445,0.0,0.712267279624939,0.4537180960178375,0.18491503596305847,0.1768391877412796,-0.13916242122650146,0.9332126975059509
65,0.1798037588596344,0.11450449377298355,0.0002481566334608942,0.0002481566334608942,0.11449946463108063,0.0070799863897264,0.04194273799657822,57.337371826171875,0.0010069210547953844,0.0010086074471473694,0.0,0.6751844882965088,0.32277461886405945,0.23383671045303345,0.2271050363779068,-0.05942201614379883,0.2684589922428131
70,0.2019689828157425,0.15718026459217072,0.00016245414735749364,0.00016245414735749364,0.15717951953411102,0.007456611376255751,0.022688042372465134,34.65980529785156,4.430519402376376e-05,0.0005168439238332212,0.0,0.6403332948684692,0.2352800965309143,0.2574496269226074,0.2495930939912796,-0.015733931213617325,0.17942756414413452
75,0.2005322426557541,0.14639224112033844,0.0003508284571580589,0.0003508284571580589,0.14627400040626526,0.013122359290719032,0.022852327674627304,39.87794494628906,0.00044719784636981785,0.0006068132934160531,0.0,0.6823426485061646,0.30706682801246643,0.3636051416397095,0.3602430522441864,-0.12754589319229126,0.2427094578742981
80,0.13849195837974548,0.05330303683876991,0.0005785544053651392,0.0005785544053651392,0.053261782974004745,0.009942122735083103,0.050274234265089035,62.35577392578125,0.0009135509608313441,0.0008170382352545857,0.0,0.6798892617225647,0.4177810847759247,0.22629430890083313,0.2176649272441864,-0.07172802835702896,0.4262124300003052
85,0.15374717116355896,0.06751392036676407,0.0008456909563392401,0.0008456909563392401,0.06740113347768784,0.013336589559912682,0.05380682647228241,64.80485534667969,0.0006386254681274295,0.0010248608887195587,0.0,0.671718955039978,0.36513230204582214,0.24811993539333344,0.240505650639534,-0.04512569308280945,0.0844220519065857
90,0.16935785114765167,0.12862809002399445,2.981689431180712e-05,2.981689431180712e-05,0.1285305917263031,0.0009568293462507427,0.0072296359576284885,14.2565336227417,1.2995313227293082e-05,0.0013128696009516716,0.0,0.6315054893493652,0.3107075095176697,0.2716336250305176,0.2654893696308136,-0.4313623011112213,0.23429392278194427
95,0.19399166107177734,0.11526969075202942,0.0009454879909753799,0.0009454879909753799,0.11514679342508316,0.016599906608462334,0.0596122145652771,71.70428466796875,0.0009740843088366091,0.0014554217923432589,0.0,0.6524327397346497,0.33331722021102905,0.24418200552463531,0.2368706613779068,-0.08681506663560867,0.11985360831022263
100,0.24929261207580566,0.17455951869487762,0.0012294934131205082,0.0012294934131205082,0.17439685761928558,0.05649755522608757,0.05164065212011337,74.88249969482422,0.0020698835141956806,0.001350151957012713,0.0,0.6550236344337463,0.3433711528778076,0.28165528178215027,0.2769910991191864,-0.27808889746665955,0.20347748696804047
105,0.24664552509784698,0.16501431167125702,0.0013643635902553797,0.0013643635902553797,0.1647484302520752,0.06244925037026405,0.05042610317468643,72.16412353515625,0.0022713332436978817,0.001350747188553214,0.0,0.6851878762245178,0.3451131284236908,0.3899269104003906,0.3846842348575592,-0.13049408793449402,0.10536909103393555
110,0.1948241889476776,0.14729280769824982,0.0001179358660010621,0.0001179358660010621,0.14719708263874054,0.0049195014871656895,0.022099928930401802,33.35060501098633,6.13783486187458e-05,0.0013610406313091516,0.0,0.6606130599975586,0.34683138132095337,0.27851343154907227,0.2726508378982544,-0.14971759915351868,0.08216115832328796
115,0.16789864003658295,0.08049438893795013,0.0010163815459236503,0.0010163815459236503,0.08052407205104828,0.015669986605644226,0.058301202952861786,66.89268493652344,0.0009706530254334211,0.001113305101171136,2.968311309814453e-05,0.6682058572769165,0.31789180636405945,0.2440374195575714,0.2367350310087204,-0.04497918486595154,0.09652584046125412
120,0.19965460896492004,0.12940756976604462,0.0005419243243522942,0.0005419243243522942,0.1291283369064331,0.012365288101136684,0.05911712720990181,69.29818725585938,0.0017920008394867182,0.0008234428241848946,0.0,0.647940456867218,0.3163258135318756,0.2866905629634857,0.2779676616191864,-0.024710889905691147,0.11151712387800217
125,0.13414940237998962,0.08419416099786758,3.576524250092916e-05,3.576524250092916e-05,0.08394096046686172,0.0011363517260178924,0.007466534152626991,15.67548656463623,1.4116853463974621e-08,0.0007716099498793483,0.0,0.6342431902885437,0.3305661976337433,0.31153833866119385,0.3036295473575592,-0.04603562504053116,0.3826436698436737
130,0.21475869417190552,0.15446288883686066,0.0007484528468921781,0.0007484528468921781,0.15429769456386566,0.02591226063668728,0.0352897010743618,56.36168670654297,0.001569367479532957,0.0009231279836967587,0.0,0.6452105641365051,0.3319355249404907,0.366880863904953,0.3637424111366272,-0.19873996078968048,0.04238877817988396
135,0.1913560926914215,0.11891799420118332,0.0006593951839022338,0.0006593951839022338,0.11850200593471527,0.013036136515438557,0.05822218209505081,70.90676879882812,0.0013735656393691897,0.0010598325170576572,0.0,0.6404963731765747,0.3223944902420044,0.2709258198738098,0.2638888955116272,-0.0745210275053978,0.03583495318889618
140,0.19613635540008545,0.14638371765613556,0.00034733698703348637,0.00034733698703348637,0.1461523175239563,0.01299190241843462,0.022844582796096802,39.926300048828125,0.0004458156763575971,0.0010608448646962643,0.0,0.6399940848350525,0.28266239166259766,0.3483240008354187,0.3448350727558136,-0.21207116544246674,0.20150557160377502
145,0.1782732903957367,0.14491067826747894,3.759596074814908e-05,3.759596074814908e-05,0.14470238983631134,0.0017763461219146848,0.0068908315151929855,14.041318893432617,0.0,0.0010765985352918506,0.0,0.5902274250984192,0.2837452292442322,0.2807890474796295,0.2761501669883728,-0.5205302238464355,0.1958179473876953
150,0.11652480065822601,0.0423302985727787,0.00036258200998418033,0.00036258200998418033,0.04224725440144539,0.0066406275145709515,0.03338255733251572,47.10392761230469,0.000305616034893319,0.0012304835254326463,0.0,0.6441574692726135,0.33667802810668945,0.1668686419725418,0.1582845002412796,-0.0960383415222168,0.6706361174583435
155,0.21564367413520813,0.15439756214618683,0.0007459651678800583,0.0007459651678800583,0.15419015288352966,0.025965286418795586,0.035328734666109085,56.46644592285156,0.0015857531689107418,0.0011298131430521607,0.0,0.6549035906791687,0.3093098998069763,0.3859645426273346,0.3821071982383728,-0.08811146765947342,0.19678369164466858
160,0.15198864042758942,0.09860099852085114,0.0001528538705315441,0.0001528538705315441,0.09823236614465714,0.004102299455553293,0.024321069940924644,39.316585540771484,2.495034277671948e-05,0.0010083277011290193,0.0,0.6132407784461975,0.31757184863090515,0.24818155169487,0.2405598908662796,-0.09542176127433777,0.06569036096334457
165,0.2337016761302948,0.16078849136829376,0.0012027242919430137,0.0012027242919430137,0.1607542186975479,0.04769609123468399,0.051246579736471176,73.78372192382812,0.0024239192716777325,0.0009194657322950661,0.0,0.6300802230834961,0.30350255966186523,0.2920239269733429,0.2881944477558136,-0.19912143051624298,0.08939815312623978
170,0.2178509533405304,0.16966445744037628,0.00047612740308977664,0.00047612740308977664,0.16952282190322876,0.016800696030259132,0.039522141218185425,52.4759521484375,0.0007249607588164508,0.0007666138117201626,0.0,0.5829442143440247,0.290448933839798,0.297881543636322,0.2919650673866272,-0.09550575166940689,0.07200644910335541
175,0.2417069673538208,0.17553414404392242,0.0010614462662488222,0.0010614462662488222,0.17521408200263977,0.04335466027259827,0.05439094081521034,73.07565307617188,0.0019584917463362217,0.0007159413071349263,0.0,0.6047361493110657,0.31423085927963257,0.3431907892227173,0.3375379741191864,-0.05506718158721924,0.06556780636310577
180,0.18795257806777954,0.11390881985425949,0.0008434756309725344,0.0008434756309725344,0.11352653056383133,0.015358000993728638,0.05950773507356644,73.28984069824219,0.0008433387265540659,0.0008161340374499559,0.0,0.6181264519691467,0.3380700647830963,0.2666477560997009,0.258544921875,-0.0071562486700713634,0.0827743336558342
185,0.12108175456523895,0.057903748005628586,0.00013291760114952922,0.00013291760114952922,0.05758119374513626,0.0031761974096298218,0.02473141998052597,34.970481872558594,7.300369907170534e-05,0.000934217416215688,0.0,0.6315815448760986,0.32603326439857483,0.2773650288581848,0.2689073383808136,-0.03384776785969734,0.19573286175727844
190,0.08763398230075836,0.03217397257685661,2.5815994376898743e-05,2.5815994376898743e-05,0.03211604431271553,0.0005630622035823762,0.005371512845158577,11.550433158874512,5.680703196730974e-08,0.0010281566064804792,0.0,0.5942074060440063,0.30441808700561523,0.2744921147823334,0.266411691904068,-0.2066778689622879,0.26563823223114014
195,0.16012142598628998,0.11272576451301575,9.979178867070004e-05,9.979178867070004e-05,0.11235242336988449,0.003575989045202732,0.02313695102930069,35.535648345947266,0.00019376447016838938,0.001018431386910379,0.0,0.5926862955093384,0.3118063807487488,0.2760011553764343,0.269287109375,-0.11282167583703995,0.11500277370214462
200,0.21507807075977325,0.15564557909965515,0.0005536299431696534,0.0005536299431696534,0.15532758831977844,0.0140861039981246,0.05904447287321091,69.04542541503906,0.0018421168206259608,0.0008090405608527362,0.0,0.5882545709609985,0.2854573428630829,0.28801286220550537,0.2789713442325592,-0.02566445805132389,0.12628459930419922
205,0.17631399631500244,0.12049654126167297,0.00022795042605139315,0.00022795042605139315,0.12017033249139786,0.00698636332526803,0.04089081659913063,52.980384826660156,0.0011582518927752972,0.0007619226817041636,0.0,0.6013228297233582,0.308647096157074,0.2755064070224762,0.2676595151424408,-0.027804769575595856,0.0339326485991478
210,0.1767158806324005,0.13487768173217773,8.809468999970704e-05,8.809468999970704e-05,0.13468612730503082,0.003682237584143877,0.02167613059282303,33.091949462890625,8.332743891514838e-05,0.0008154085371643305,0.0,0.5867748260498047,0.3110082149505615,0.2810768187046051,0.2743326723575592,-0.06060776486992836,0.04819788038730621
215,0.24100704491138458,0.18040357530117035,0.000906190078239888,0.000906190078239888,0.18016411364078522,0.028920777142047882,0.05702272802591324,69.8153076171875,0.0017332524294033647,0.0008521043928340077,0.0,0.5920243263244629,0.27712422609329224,0.3284110128879547,0.3211805522441864,-0.03457265347242355,0.17744134366512299
220,0.17341041564941406,0.11496642231941223,0.00024816172663122416,0.00024816172663122416,0.11467766761779785,0.00710141658782959,0.04149715602397919,54.93147277832031,0.0010377690196037292,0.0008957079844549298,0.0,0.6115624904632568,0.2751151919364929,0.269379198551178,0.26171875,-0.038598112761974335,0.10439512878656387
225,0.21730026602745056,0.16517724096775055,0.000623354862909764,0.000623354862909764,0.16502684354782104,0.02955649048089981,0.037373557686805725,59.300254821777344,0.0008617625571787357,0.0009515287820249796,0.0,0.5817494988441467,0.29943910241127014,0.2842647135257721,0.2790256142616272,-0.20571859180927277,0.1253615915775299
230,0.23954987525939941,0.18022651970386505,0.0009024259634315968,0.0009024259634315968,0.17999908328056335,0.02883431687951088,0.05722454935312271,70.13455200195312,0.0017455609049648046,0.0009345848811790347,0.0,0.5785126686096191,0.2726052403450012,0.32482877373695374,0.3172743022441864,-0.057512301951646805,0.19853676855564117
235,0.1184319406747818,0.07003761827945709,3.482304964563809e-05,3.482304964563809e-05,0.06978268176317215,0.001003449666313827,0.008427934721112251,15.33287239074707,0.0,0.000875643570907414,0.0,0.586848258972168,0.2916039824485779,0.321449875831604,0.313530832529068,-0.0029180150013417006,0.5471605658531189
240,0.16463406383991241,0.10671837627887726,0.00032871621078811586,0.00032871621078811586,0.10630037635564804,0.007610561791807413,0.040223054587841034,56.52384948730469,0.00044183389400132,0.0008351154974661767,0.0,0.5869002342224121,0.35366183519363403,0.27691617608070374,0.2690158486366272,-0.0052352165803313255,0.13385319709777832
245,0.1936701238155365,0.15368840098381042,0.0002767197147477418,0.0002767197147477418,0.15353865921497345,0.012079594656825066,0.02231280691921711,38.72970962524414,8.177871495718136e-05,0.0008692872943356633,0.0,0.5672927498817444,0.3215016722679138,0.28458547592163086,0.2787543535232544,-0.24692058563232422,0.23737430572509766
250,0.19516217708587646,0.12417612969875336,0.0005939533584751189,0.0005939533584751189,0.12380412220954895,0.013049277476966381,0.05890098214149475,70.46595764160156,0.0014981257263571024,0.0008154244278557599,0.0,0.6399328708648682,0.2343970686197281,0.28617799282073975,0.278862863779068,-0.018588025122880936,0.39047396183013916
255,0.21591423451900482,0.15839263796806335,0.0007150968885980546,0.0007150968885980546,0.15826547145843506,0.03409142047166824,0.0382915660738945,59.58417510986328,0.0015374700305983424,0.001027487451210618,0.0,0.5999958515167236,0.295507550239563,0.3004493713378906,0.2952474057674408,-0.2306995987892151,0.12576159834861755
260,0.1858709752559662,0.11764505505561829,0.0005882015684619546,0.0005882015684619546,0.11727295815944672,0.012292228639125824,0.058986373245716095,73.28623962402344,0.0012176006566733122,0.0009231619187630713,0.0,0.6010450720787048,0.2666769325733185,0.2814179062843323,0.2742784321308136,-0.0030297422781586647,0.3368995189666748
265,0.16713346540927887,0.12270978093147278,0.00010164943523705006,0.00010164943523705006,0.12249734997749329,0.0034168693237006664,0.022486351430416107,34.532249450683594,0.0001571121101733297,0.0008999076089821756,0.0,0.584386944770813,0.2685892879962921,0.27778658270835876,0.2700466513633728,-0.03089079260826111,0.11895449459552765
270,0.19569998979568481,0.15736694633960724,0.00017159097478725016,0.00017159097478725016,0.15714778006076813,0.00798023771494627,0.022319938987493515,34.648948669433594,4.5297929318621755e-05,0.0009003488812595606,0.0,0.5774049758911133,0.2977447807788849,0.2969154715538025,0.2913411557674408,-0.0697380006313324,0.06923168897628784
275,0.08244338631629944,0.032415349036455154,2.7294154278934002e-05,2.7294154278934002e-05,0.032372236251831055,0.0005832522292621434,0.005257567390799522,11.163820266723633,1.2136970326537266e-06,0.0007864226354286075,0.0,0.5405218005180359,0.2850492596626282,0.21619361639022827,0.2086317241191864,-0.2392919808626175,0.1411839872598648
280,0.21112775802612305,0.15601703524589539,0.0005150846554897726,0.0005150846554897726,0.15586696565151215,0.01602131873369217,0.03460994362831116,55.57747268676758,0.0011803075904026628,0.0007555304327979684,0.0,0.6422253251075745,0.3114963471889496,0.422875314950943,0.4185926616191864,-0.013681742362678051,0.3187693655490875
285,0.1062660664319992,0.04144646227359772,0.00012899248395115137,0.00012899248395115137,0.0412788987159729,0.0026625972241163254,0.02231769636273384,31.766862869262695,0.00011028826702386141,0.0007251750794239342,0.0,0.6249158978462219,0.3522639274597168,0.2512038052082062,0.24267578125,-0.03888694569468498,0.2726282775402069
290,0.16515105962753296,0.11027234047651291,0.00026033096946775913,0.00026033096946775913,0.11002393066883087,0.006731444504112005,0.04125595837831497,56.66485595703125,0.0008205813937820494,0.0007559277582913637,0.0,0.5667096972465515,0.28505030274391174,0.2618110477924347,0.2535535991191864,-0.026182876899838448,0.13002197444438934
295,0.23848570883274078,0.16523034870624542,0.0013564717955887318,0.0013564717955887318,0.1652100384235382,0.06349743157625198,0.051722921431064606,74.95394897460938,0.00234178826212883,0.0010039564222097397,0.0,0.5933986306190491,0.3192690312862396,0.30680909752845764,0.3020290732383728,-0.11934807896614075,0.14644265174865723
300,0.17491762340068817,0.13959582149982452,2.55279792327201e-05,2.55279792327201e-05,0.1397412121295929,0.0016913035651668906,0.010973220691084862,21.087505340576172,9.72484122030437e-05,0.001103584305383265,0.00014539062976837158,0.5799434781074524,0.3155008554458618,0.3236459791660309,0.3212890625,-0.582198441028595,0.12037970870733261
305,0.19832995533943176,0.1464037001132965,0.00034422139287926257,0.00034422139287926257,0.14617398381233215,0.012937420047819614,0.022801388055086136,39.98870086669922,0.0004444317892193794,0.0008866189164109528,0.0,0.6623520255088806,0.2640190124511719,0.4000266492366791,0.3964572548866272,-0.015583989210426807,0.40785497426986694
310,0.16057713329792023,0.10375309735536575,0.0004349295631982386,0.0004349295631982386,0.10345741361379623,0.009347430430352688,0.04147936403751373,57.13838195800781,0.00030060880817472935,0.0008541503921151161,0.0,0.5499681830406189,0.3171573877334595,0.26149189472198486,0.2530653178691864,0.008253202773630619,0.06139179691672325
315,0.16425058245658875,0.12270956486463547,0.00010113660391652957,0.00010113660391652957,0.12247128039598465,0.003355153137817979,0.02245752513408661,34.56486511230469,0.00015781816910021007,0.0009911988163366914,0.0,0.5560558438301086,0.33962494134902954,0.27244922518730164,0.265380859375,-0.06760386377573013,0.24469409883022308
320,0.20976628363132477,0.15427619218826294,0.0005743839428760111,0.0005743839428760111,0.15423795580863953,0.014917978085577488,0.057960961014032364,67.72543334960938,0.001832098001614213,0.0008524534059688449,0.0,0.5444490313529968,0.26241403818130493,0.28083863854408264,0.27392578125,-0.01721137762069702,0.28071415424346924
325,0.07297629117965698,0.018457386642694473,1.893529770313762e-05,1.893529770313762e-05,0.018393835052847862,0.0002657687000464648,0.0032964912243187428,9.551094055175781,0.0,0.0009100530296564102,0.0,0.5669921040534973,0.31058433651924133,0.24045832455158234,0.2322319895029068,-0.26152804493904114,0.21747958660125732
330,0.14611326158046722,0.06756573170423508,0.000813435239251703,0.000813435239251703,0.06752176582813263,0.013090698048472404,0.05369291454553604,64.86000061035156,0.0006301372777670622,0.0008076935191638768,0.0,0.5985907912254333,0.28331851959228516,0.25086089968681335,0.2428385466337204,0.0020152167417109013,0.1368868350982666
335,0.22329774498939514,0.16346034407615662,0.0008931919583119452,0.0008931919583119452,0.16357190907001495,0.03146933764219284,0.05087326467037201,73.67097473144531,0.002077761571854353,0.0009901904268190265,0.0001115649938583374,0.5673180818557739,0.3411750793457031,0.3114308714866638,0.3071560263633728,-0.07402721792459488,0.2008131891489029
340,0.1811947226524353,0.11374352872371674,0.0008176190312951803,0.0008176190312951803,0.11352305859327316,0.015140377916395664,0.05958716198801994,73.49078369140625,0.0008545020828023553,0.0008450223249383271,0.0,0.5532775521278381,0.2843063175678253,0.26729169487953186,0.2594129741191864,0.02061579003930092,0.22787126898765564
345,0.1670508086681366,0.1449192464351654,3.63975232176017e-05,3.63975232176017e-05,0.14470793306827545,0.0016757032135501504,0.00676251295953989,13.989988327026367,0.0,0.0009738242370076478,0.0,0.47879353165626526,0.32039758563041687,0.2966930568218231,0.2919650673866272,-0.2952654957771301,0.08940278738737106
350,0.1894065886735916,0.14336414635181427,0.00023060524836182594,0.00023060524836182594,0.14317557215690613,0.007308522704988718,0.03904266282916069,50.274696350097656,0.0007485162932425737,0.0010176036739721894,0.0,0.554728090763092,0.3176206350326538,0.28383874893188477,0.275390625,-0.03265475109219551,0.13826711475849152
355,0.11936874687671661,0.04233253747224808,0.0003588084364309907,0.0003588084364309907,0.04236311465501785,0.006687831599265337,0.033220335841178894,46.99031066894531,0.00028652470791712403,0.0009839532431215048,3.057718276977539e-05,0.6723003387451172,0.2990197539329529,0.16470937430858612,0.156032994389534,-0.06086838245391846,0.7438178062438965
360,0.17446772754192352,0.12057806551456451,0.00022930020350031555,0.00022930020350031555,0.12033479660749435,0.007034091744571924,0.04089968651533127,53.103389739990234,0.0012154574505984783,0.0008690797840245068,0.0,0.5812716484069824,0.2874228060245514,0.27787378430366516,0.2697482705116272,-0.0003364706935826689,0.085281141102314
365,0.11466266959905624,0.04225664213299751,0.0002973686787299812,0.0002973686787299812,0.04212546348571777,0.005837492644786835,0.035034578293561935,45.79182434082031,0.0004639294929802418,0.0008567432523705065,0.0,0.6280178427696228,0.30302107334136963,0.2363731563091278,0.2275119423866272,-0.010437571443617344,0.31484776735305786
370,0.07089786231517792,0.02175532467663288,1.9666455045808107e-05,1.9666455045808107e-05,0.021692151203751564,0.0003655910841189325,0.004022188484668732,10.533656120300293,3.089212668783148e-06,0.0007813437841832638,0.0,0.5166467428207397,0.25034138560295105,0.28257912397384644,0.2743326723575592,-0.07526104897260666,0.517936110496521
375,0.1461080014705658,0.10289232432842255,9.46063082665205e-05,9.46063082665205e-05,0.10249758511781693,0.003155156271532178,0.023273635655641556,37.81841278076172,3.4706437872955576e-05,0.0009065074846148491,0.0,0.5322211980819702,0.3778984844684601,0.2844218313694,0.2770724892616272,-0.01913144439458847,0.36197730898857117
380,0.11158491671085358,0.07003340125083923,3.422661393415183e-05,3.422661393415183e-05,0.06982984393835068,0.0009803740540519357,0.008322385139763355,15.336553573608398,0.0,0.0007203569984994829,0.0,0.5185303092002869,0.28965845704078674,0.3288269340991974,0.3210178017616272,0.05014517158269882,0.5214676260948181
385,0.1883544623851776,0.11898533254861832,0.0006352062919177115,0.0006352062919177115,0.11872434616088867,0.01284839678555727,0.058180540800094604,71.01180267333984,0.0013889838010072708,0.0006990364636294544,0.0,0.611664354801178,0.28936341404914856,0.2767598330974579,0.2684190571308136,0.0059921653009951115,0.16531020402908325
390,0.1848321259021759,0.11505372077226639,0.0008983422885648906,0.0008983422885648906,0.11503797024488449,0.016186052933335304,0.05960656702518463,71.8907470703125,0.0009542538318783045,0.0007048773695714772,0.0,0.5672824382781982,0.2817303240299225,0.25558722019195557,0.2460123747587204,0.005598141346126795,0.1307816356420517
395,0.15817545354366302,0.1067151352763176,0.00031965551897883415,0.00031965551897883415,0.10643065720796585,0.007496924139559269,0.040218569338321686,56.57533264160156,0.00043163797818124294,0.0007588256848976016,0.0,0.5224248766899109,0.3121030032634735,0.27440690994262695,0.265435129404068,0.02171754650771618,0.1104828417301178
400,0.16081230342388153,0.12270858883857727,9.730062447488308e-05,9.730062447488308e-05,0.1224815621972084,0.003337789559736848,0.02236262708902359,34.51580047607422,0.00015283728134818375,0.0007923619705252349,0.0,0.522391140460968,0.28739580512046814,0.2809714376926422,0.2731119692325592,-0.016918299719691277,0.054807040840387344
405,0.18596604466438293,0.1288808286190033,0.0005049772444181144,0.0005049772444181144,0.12870939075946808,0.01170879416167736,0.05894322693347931,71.50152587890625,0.0014081953559070826,0.0009047805215232074,0.0,0.5201471447944641,0.2835302948951721,0.2723733186721802,0.2650282084941864,0.0035169688053429127,0.18829700350761414
410,0.18885840475559235,0.15471497178077698,0.00023341257474385202,0.00023341257474385202,0.15462861955165863,0.010880077257752419,0.02155802771449089,35.65525817871094,7.787917274981737e-05,0.0010699533158913255,0.0,0.5202029943466187,0.3250860571861267,0.25999921560287476,0.254448801279068,-0.233686164021492,0.27657994627952576
415,0.13747063279151917,0.10269547253847122,4.228048783261329e-05,4.228048783261329e-05,0.10244784504175186,0.0010171611793339252,0.00731259398162365,14.459236145019531,1.8249560525873676e-05,0.0009524155757389963,0.0,0.519599437713623,0.2696104645729065,0.26052021980285645,0.2528482973575592,-0.21557192504405975,0.15467730164527893
420,0.17622993886470795,0.10129918158054352,0.0009969528764486313,0.0009969528764486313,0.10143076628446579,0.01689925789833069,0.059566617012023926,69.67389678955078,0.0009509767405688763,0.0009763636044226587,0.00013158470392227173,0.5776722431182861,0.310761034488678,0.2512802183628082,0.2432725727558136,-0.015588081441819668,0.1967889815568924
425,0.14222589135169983,0.06744945049285889,0.0008011459140107036,0.0008011459140107036,0.06746326386928558,0.012967509217560291,0.05367693677544594,64.73951721191406,0.0006400084821507335,0.0008518222020938993,1.3813376426696777e-05,0.5615848302841187,0.34936878085136414,0.24779145419597626,0.2395833283662796,0.009762953035533428,0.2664909362792969
430,0.14633764326572418,0.10605849325656891,0.00010228151950286701,0.00010228151950286701,0.10569710284471512,0.0036133970133960247,0.0240180604159832,38.12278747558594,0.00012526384671218693,0.0007678350084461272,0.0,0.5042521953582764,0.30806371569633484,0.28335443139076233,0.2756076455116272,0.008568395860493183,0.16177070140838623
435,0.07774768769741058,0.032198503613471985,2.5848097720881924e-05,2.5848097720881924e-05,0.032137222588062286,0.0005435326020233333,0.005219576880335808,11.468070983886719,3.782220403536485e-08,0.0008447280852124095,0.0,0.49582046270370483,0.3223695755004883,0.29911449551582336,0.2906358540058136,-0.024952257052063942,0.304513156414032
440,0.1686166375875473,0.13957078754901886,2.0766021407325752e-05,2.0766021407325752e-05,0.13968797028064728,0.0015690369764342904,0.010874474421143532,21.038169860839844,0.00010120969091076404,0.0008143289014697075,0.00011718273162841797,0.5187599062919617,0.3266771733760834,0.3460456430912018,0.3423665463924408,-0.30136340856552124,0.07214867323637009
445,0.16415096819400787,0.14111001789569855,2.786556797218509e-05,2.786556797218509e-05,0.14086969196796417,0.0010444369399920106,0.0065721748396754265,13.237564086914062,0.0,0.0006304205162450671,0.0,0.48338162899017334,0.2857794761657715,0.2907091975212097,0.2827419638633728,-0.0988481342792511,0.21706929802894592
450,0.12353138625621796,0.0955287516117096,3.855119939544238e-05,3.855119939544238e-05,0.09525534510612488,0.0011486333096399903,0.007548630237579346,15.593430519104004,9.28217195905745e-06,0.0006316316430456936,0.0,0.4369169771671295,0.3412614166736603,0.3291400969028473,0.3214518129825592,-0.014341725036501884,0.23697882890701294
455,0.21368098258972168,0.1537725329399109,0.0007379315793514252,0.0007379315793514252,0.1537259966135025,0.026381801813840866,0.03756684809923172,59.534645080566406,0.0018642931245267391,0.0006177224568091333,0.0,0.6299850940704346,0.31453362107276917,0.3632020354270935,0.358940988779068,-0.028501803055405617,0.07181549072265625
460,0.16124869883060455,0.14097100496292114,2.6530553441261873e-05,2.6530553441261873e-05,0.1408180445432663,0.000971062108874321,0.006775537505745888,13.739006996154785,3.5702191780728754e-07,0.0006882877205498517,0.0,0.45423829555511475,0.30309581756591797,0.31525981426239014,0.3086751401424408,-0.05705929547548294,0.23774473369121552
465,0.20885148644447327,0.15570105612277985,0.0005471843760460615,0.0005471843760460615,0.1554197520017624,0.013977180235087872,0.05887166038155556,68.99885559082031,0.001840768731199205,0.0008544373558834195,0.0,0.5268048644065857,0.32125377655029297,0.2939912974834442,0.284912109375,0.0026997742243111134,0.15613307058811188
470,0.1765172779560089,0.13990449905395508,2.2603790057473816e-05,2.2603790057473816e-05,0.13989239931106567,0.0013701680582016706,0.010352679528295994,20.914806365966797,0.00015718190115876496,0.0009641579235903919,0.0,0.5995968580245972,0.3442966938018799,0.38472065329551697,0.383355051279068,-0.22108174860477448,0.07835247367620468
475,0.16042497754096985,0.08059843629598618,0.0009608631953597069,0.0009608631953597069,0.08077902346849442,0.015280389226973057,0.058215923607349396,67.03532409667969,0.0009852320654317737,0.0008569672354497015,0.00018058717250823975,0.5965937972068787,0.26028966903686523,0.25733619928359985,0.248074010014534,0.006413441151380539,0.23940950632095337
480,0.16770443320274353,0.11038229614496231,0.00025606152485124767,0.00025606152485124767,0.11020027101039886,0.0066277505829930305,0.04117966443300247,56.5853157043457,0.000841683242470026,0.0009505164925940335,0.0,0.591768205165863,0.3483923673629761,0.2676160931587219,0.2605794370174408,-0.03108392097055912,0.29159456491470337
485,0.14265801012516022,0.06775880604982376,0.0007704698946326971,0.0007704698946326971,0.06757547706365585,0.012332777492702007,0.05440653860569,63.94168472290039,0.0009039408760145307,0.0008158203563652933,0.0,0.5665390491485596,0.29958614706993103,0.2463861107826233,0.237575963139534,0.010270257480442524,0.10909175127744675
490,0.18162919580936432,0.11512398719787598,0.0008951972704380751,0.0008951972704380751,0.1149655357003212,0.01612582430243492,0.05943355709314346,71.80782318115234,0.0009746688883751631,0.0007440107292495668,0.0,0.5369572639465332,0.26535212993621826,0.25910210609436035,0.2491862028837204,0.005843879655003548,0.21743322908878326
495,0.16243761777877808,0.11451879888772964,0.00022198913211468607,0.00022198913211468607,0.1142112985253334,0.006710815709084272,0.04161588102579117,57.28237533569336,0.0009809767361730337,0.0008321031928062439,0.0,0.5084952712059021,0.3301319181919098,0.2761809527873993,0.2689615786075592,0.012716108933091164,0.10058224946260452
500,0.07241260260343552,0.018438007682561874,1.996330865949858e-05,1.996330865949858e-05,0.0183014664798975,0.00026274152332916856,0.0033005112782120705,9.567197799682617,0.0,0.0008387003908865154,0.0,0.5619820356369019,0.29822292923927307,0.266670823097229,0.2582736611366272,-0.17094527184963226,0.18886716663837433
505,0.09487038850784302,0.04873226210474968,3.428633135627024e-05,3.428633135627024e-05,0.048676300793886185,0.0007889794069342315,0.007391149178147316,13.190652847290039,0.0,0.0007639111136086285,0.0,0.5247146487236023,0.28598061203956604,0.23450729250907898,0.2262641042470932,-0.2143726944923401,0.19705231487751007
510,0.18504929542541504,0.14340677857398987,0.00022505004017148167,0.00022505004017148167,0.1432037055492401,0.007257562596350908,0.03903143107891083,50.169715881347656,0.0007468024268746376,0.0007274631061591208,0.0,0.5116356015205383,0.3153713345527649,0.28818294405937195,0.2784288227558136,-0.0016331631923094392,0.17307357490062714
515,0.1756235957145691,0.13856157660484314,2.7027503165300004e-05,2.7027503165300004e-05,0.1385054588317871,0.001928475801832974,0.009500136598944664,18.693185806274414,4.5219545427244157e-05,0.0006555418367497623,0.0,0.6036208271980286,0.27914300560951233,0.37845900654792786,0.3741319477558136,-0.10008872300386429,0.3745826184749603
520,0.10798832774162292,0.06998870521783829,3.501215178403072e-05,3.501215178403072e-05,0.06981328874826431,0.0009603018988855183,0.008290104568004608,15.256494522094727,0.0,0.0007184177520684898,0.0,0.48278748989105225,0.34389081597328186,0.33218061923980713,0.3238660991191864,0.056407783180475235,0.18779636919498444
525,0.17077922821044922,0.12055151909589767,0.00022376490233000368,0.00022376490233000368,0.12036147713661194,0.006941001862287521,0.04072622209787369,53.051307678222656,0.0011546136811375618,0.0007440180634148419,0.0,0.5456141829490662,0.3463503420352936,0.27843189239501953,0.2701822817325592,0.009879297576844692,0.32333189249038696
530,0.11111496388912201,0.04224047437310219,0.00029881217051297426,0.00029881217051297426,0.04211675375699997,0.005863637663424015,0.03502795100212097,45.758567810058594,0.00046734075294807553,0.0006340699619613588,0.0,0.5924422144889832,0.24641884863376617,0.2380211055278778,0.2274034321308136,0.010436935350298882,0.1626652628183365
535,0.16643919050693512,0.1411312371492386,3.000695869559422e-05,3.000695869559422e-05,0.14086408913135529,0.0010521489894017577,0.006538578309118748,13.230171203613281,0.0,0.0007244660519063473,0.0,0.5062126517295837,0.2949163019657135,0.28657999634742737,0.2774793803691864,-0.1263149529695511,0.10346509516239166
540,0.1333714723587036,0.05270266532897949,0.0005078273243270814,0.0005078273243270814,0.05280119925737381,0.010211789049208164,0.04828568547964096,61.062286376953125,0.001050138147547841,0.0007672281935811043,9.853392839431763e-05,0.645858108997345,0.3247601389884949,0.15009279549121857,0.1398654580116272,-0.0287947915494442,1.078287959098816
545,0.13182830810546875,0.09224985539913177,4.095405893167481e-05,4.095405893167481e-05,0.09188022464513779,0.0011698883026838303,0.007828554138541222,16.692049026489258,8.337301551364362e-06,0.0005981899448670447,0.0,0.5454850792884827,0.294434130191803,0.28658655285835266,0.276909738779068,-0.06598154455423355,0.15640373528003693
550,0.1591784656047821,0.10500602424144745,0.0004804937925655395,0.0004804937925655395,0.10468737035989761,0.010203025303781033,0.04241621866822243,56.931373596191406,0.00037692219484597445,0.0006165069062262774,0.0,0.516121506690979,0.2988035976886749,0.2573567032814026,0.2476128488779068,-0.013580013997852802,0.07212594151496887
555,0.23846857249736786,0.16492289304733276,0.001361137954518199,0.001361137954518199,0.16484375298023224,0.062347810715436935,0.050201721489429474,72.21380615234375,0.002285059541463852,0.00064777274383232,0.0,0.6040846109390259,0.2766888439655304,0.357364296913147,0.352837473154068,-0.04928209260106087,0.21585702896118164
560,0.17371466755867004,0.12970374524593353,0.00020711247634608299,0.00020711247634608299,0.1295100301504135,0.0065601724199950695,0.03932398930191994,51.17918395996094,0.0009588766843080521,0.0007336676935665309,0.0,0.5098356008529663,0.3139478266239166,0.28706809878349304,0.279351145029068,-0.010778945870697498,0.12119396775960922
565,0.09498056769371033,0.031585369259119034,0.00012496300041675568,0.00012496300041675568,0.03140479326248169,0.002675289986655116,0.01854734867811203,29.561664581298828,0.00012561175390146673,0.0007365879719145596,0.0,0.606511116027832,0.3047772943973541,0.22891193628311157,0.2205674946308136,-0.06081805005669594,0.336645245552063
570,0.17784830927848816,0.11524062603712082,0.0006610790733247995,0.0006610790733247995,0.1150733083486557,0.012470663525164127,0.058065254241228104,72.82928466796875,0.0010588725563138723,0.0007423104834742844,0.0,0.5344729423522949,0.2842293381690979,0.28355053067207336,0.2724880576133728,0.03321852162480354,0.23210236430168152
575,0.16778835654258728,0.13744764029979706,2.412953836028464e-05,2.412953836028464e-05,0.13734592497348785,0.0014138249680399895,0.009536854922771454,19.43790054321289,0.00015478489513043314,0.0008456307696178555,0.0,0.5357042551040649,0.32281383872032166,0.33308103680610657,0.328423410654068,-0.2930075228214264,0.0927281603217125
580,0.1918802261352539,0.13859045505523682,0.000499038549605757,0.000499038549605757,0.13842971622943878,0.012105734087526798,0.05815156176686287,69.14991760253906,0.001641570357605815,0.0007350808009505272,0.0,0.5044714212417603,0.2903401851654053,0.2877000570297241,0.2797037661075592,0.0180948618799448,0.19624775648117065
585,0.11030551791191101,0.06984265148639679,3.863057281705551e-05,3.863057281705551e-05,0.06975720822811127,0.00093371223192662,0.008314289152622223,15.361492156982422,0.0,0.000789923476986587,0.0,0.5060020089149475,0.2909195125102997,0.23385153710842133,0.2249348908662796,-0.27484333515167236,0.23890775442123413
590,0.14493125677108765,0.10290904343128204,9.581026824889705e-05,9.581026824889705e-05,0.10242278128862381,0.003167852060869336,0.023232126608490944,37.70264434814453,3.365099837537855e-05,0.0008539238478988409,0.0,0.5210731625556946,0.3256133496761322,0.2981993556022644,0.2889539897441864,0.017658807337284088,0.04778459668159485
595,0.1862863302230835,0.14333847165107727,0.00022783999156672508,0.00022783999156672508,0.14316847920417786,0.007263908162713051,0.03913234919309616,50.39897155761719,0.0007728728232905269,0.0008872216567397118,0.0,0.5235878825187683,0.3258039355278015,0.28875818848609924,0.279839426279068,-0.021557757630944252,0.2878305912017822
600,0.2404467910528183,0.1746603399515152,0.0012062343303114176,0.0012062343303114176,0.17442089319229126,0.0560905747115612,0.05140526592731476,74.93169403076172,0.002070404589176178,0.0007392987608909607,0.0,0.5704604983329773,0.25324591994285583,0.31184694170951843,0.3035753071308136,-0.02998008392751217,0.2149125635623932
605,0.18019172549247742,0.14730921387672424,0.00011346109386067837,0.00011346109386067837,0.1472579538822174,0.004650718532502651,0.02173878252506256,33.24357986450195,5.931429404881783e-05,0.0009065102785825729,0.0,0.5162358283996582,0.36534348130226135,0.300106942653656,0.2925618588924408,-0.010256237350404263,0.3829958736896515
610,0.13390450179576874,0.09561160951852798,4.4246884499443695e-05,4.4246884499443695e-05,0.09527914971113205,0.0011920547112822533,0.00755017064511776,15.692619323730469,8.40164466353599e-06,0.0007443305803462863,0.0,0.5397940874099731,0.2854682207107544,0.281464546918869,0.2737901508808136,-0.1237587109208107,0.14583128690719604
615,0.16766372323036194,0.11484126001596451,0.00023716670693829656,0.00023716670693829656,0.11463163048028946,0.006940624676644802,0.041342802345752716,54.95368957519531,0.0010393940610811114,0.0007750886725261807,0.0,0.5565033555030823,0.3024581968784332,0.274075984954834,0.2660861611366272,-0.002731746295467019,0.11195126920938492
620,0.22698143124580383,0.16367673873901367,0.0008607297204434872,0.0008607297204434872,0.16361339390277863,0.03005046956241131,0.04773761332035065,69.76683044433594,0.001587931765243411,0.0009052096283994615,0.0,0.6236147284507751,0.3419557213783264,0.44467416405677795,0.4383138120174408,0.03959425911307335,0.3048834502696991
625,0.164832204580307,0.1374245434999466,2.3893981051514857e-05,2.3893981051514857e-05,0.1373378336429596,0.001402994617819786,0.009541857987642288,19.371234893798828,0.00014500354882329702,0.0008666464709676802,0.0,0.506233274936676,0.3037532866001129,0.31916263699531555,0.3147243857383728,-0.32286182045936584,0.04982209950685501
630,0.18969304859638214,0.15734905004501343,0.00017366826068609953,0.00017366826068609953,0.15722115337848663,0.007976267486810684,0.022116750478744507,34.599910736083984,4.421746780280955e-05,0.0008801542571745813,0.0,0.5173614621162415,0.3384583294391632,0.3136853575706482,0.3079427182674408,-0.00421798974275589,0.1527113914489746
635,0.07805631309747696,0.032178010791540146,2.7425960070104338e-05,2.7425960070104338e-05,0.03211038187146187,0.0005451563047245145,0.005206282716244459,11.47622299194336,0.0,0.0008338280022144318,0.0,0.4990136921405792,0.3079839050769806,0.30736908316612244,0.2984212338924408,0.001135940314270556,0.3851892352104187
640,0.09431150555610657,0.03168696165084839,0.00020535086514428258,0.00020535086514428258,0.03157039359211922,0.0036344975233078003,0.01757858321070671,29.388423919677734,6.469301297329366e-06,0.0006809125188738108,0.0,0.592426061630249,0.28634870052337646,0.1829039603471756,0.1734212189912796,-0.022178107872605324,0.5682435631752014
645,0.10929115861654282,0.05797674134373665,0.00012896102271042764,0.00012896102271042764,0.05772071331739426,0.003078264184296131,0.02462645247578621,34.936038970947266,8.542431169189513e-05,0.0006109612295404077,0.0,0.5135728120803833,0.30000701546669006,0.2884819209575653,0.2787000834941864,0.0388205423951149,0.2819860279560089
650,0.21247684955596924,0.1689886450767517,0.000490501755848527,0.000490501755848527,0.16886992752552032,0.01782832480967045,0.038987740874290466,52.36083984375,0.0007325011538341641,0.0005947408499196172,0.0,0.5330720543861389,0.2938484847545624,0.31899431347846985,0.310302734375,0.026609748601913452,0.14811329543590546
655,0.18113973736763,0.12263907492160797,0.0005463669658638537,0.0005463669658638537,0.12247771769762039,0.012256215326488018,0.059597164392471313,73.84735107421875,0.0012687332928180695,0.0005978461122140288,0.0,0.5139051079750061,0.26541101932525635,0.28200563788414,0.2712131142616272,0.03416156768798828,0.347870409488678
660,0.18430081009864807,0.14336450397968292,0.00022642925614491105,0.00022642925614491105,0.14317263662815094,0.007240692153573036,0.03895977512001991,50.16072082519531,0.0007249664049595594,0.0007775720441713929,0.0,0.5045831799507141,0.31567516922950745,0.2890210747718811,0.28076171875,-0.01761990413069725,0.19363468885421753
665,0.11838507652282715,0.08425699919462204,3.688756987685338e-05,3.688756987685338e-05,0.08400634676218033,0.0010233997600153089,0.0072480011731386185,15.639890670776367,0.0,0.0008475967915728688,0.0,0.4770638942718506,0.3189398944377899,0.3172845244407654,0.3087293803691864,0.017801379784941673,0.21714109182357788
670,0.16470687091350555,0.14157159626483917,3.549212487996556e-05,3.549212487996556e-05,0.14146150648593903,0.001909754821099341,0.007688229903578758,16.20761489868164,4.615507975813671e-07,0.0008334493613801897,0.0,0.4772465229034424,0.30676165223121643,0.3196207582950592,0.3140733540058136,-0.21364068984985352,0.13541415333747864
675,0.21512050926685333,0.1671515256166458,0.0006003842572681606,0.0006003842572681606,0.16702903807163239,0.02493535540997982,0.03777629882097244,55.41383361816406,0.0008820483926683664,0.0008003053953871131,0.0,0.5538621544837952,0.3176853358745575,0.3061831295490265,0.2984483540058136,-0.01857214979827404,0.13042756915092468
680,0.19924640655517578,0.14637871086597443,0.00034071982372552156,0.00034071982372552156,0.14624162018299103,0.012947575189173222,0.02256842702627182,39.911529541015625,0.00042672280687838793,0.000754839216824621,0.0,0.6722400188446045,0.29251956939697266,0.4161992073059082,0.4111599326133728,-0.005754499230533838,0.3799216151237488
685,0.1995135247707367,0.15801994502544403,0.0003073123807553202,0.0003073123807553202,0.15796096622943878,0.010339372791349888,0.039569191634655,51.107818603515625,0.0007218293030746281,0.0007744854665361345,0.0,0.5216808915138245,0.3640057146549225,0.3050515055656433,0.2967936098575592,-0.03161965683102608,0.45079565048217773
690,0.09382090717554092,0.048693690448999405,3.172123615513556e-05,3.172123615513556e-05,0.048661667853593826,0.000776108237914741,0.007474434562027454,13.428994178771973,0.0,0.000571231939829886,0.0,0.5142879486083984,0.2863863408565521,0.3234577178955078,0.3140733540058136,0.036150939762592316,0.5559055209159851
695,0.16638784110546112,0.13707324862480164,1.999130290641915e-05,1.999130290641915e-05,0.13718295097351074,0.0015987558290362358,0.010451432317495346,20.161218643188477,0.00013375157141126692,0.0005954278167337179,0.00010970234870910645,0.5182960629463196,0.34722328186035156,0.34812456369400024,0.3428005576133728,-0.24397686123847961,0.14910221099853516
700,0.22770769894123077,0.16076335310935974,0.0011843695538118482,0.0011843695538118482,0.1608601212501526,0.04722984507679939,0.05079048126935959,73.64776611328125,0.002470066538080573,0.0005447791772894561,9.676814079284668e-05,0.572917103767395,0.382473886013031,0.33727091550827026,0.330078125,-0.010264539159834385,0.4757699966430664
705,0.1282941997051239,0.09544626623392105,3.902670505340211e-05,3.902670505340211e-05,0.09515781700611115,0.0011826124973595142,0.007573617622256279,15.622419357299805,9.064806363312528e-06,0.0004523560928646475,0.0,0.48511162400245667,0.3166865110397339,0.36777105927467346,0.3602159321308136,0.062107816338539124,0.5647964477539062
710,0.23788093030452728,0.1650306135416031,0.0013575403718277812,0.0013575403718277812,0.16498418152332306,0.06258721649646759,0.05010422691702843,72.15895080566406,0.002277741674333811,0.0005635067936964333,0.0,0.5973569750785828,0.35110369324684143,0.3533713221549988,0.3468967080116272,-0.008294244296848774,0.22947533428668976
715,0.23589518666267395,0.17460091412067413,0.0012147107627242804,0.0012147107627242804,0.17442509531974792,0.055998221039772034,0.05139236897230148,75.01885986328125,0.0020800107158720493,0.0006330899195745587,0.0,0.5242999196052551,0.2940049469470978,0.2900410294532776,0.2817654013633728,-0.03610208258032799,0.13056056201457977
720,0.12057594954967499,0.05449583753943443,0.00041421467904001474,0.00041421467904001474,0.05425863340497017,0.00695163244381547,0.03856322169303894,48.59435272216797,0.0003385719901416451,0.0006877792766317725,0.0,0.5620720982551575,0.2706228792667389,0.2592741549015045,0.250732421875,0.012819061987102032,0.1449577361345291
725,0.1256321668624878,0.08829353749752045,4.1685427277116105e-05,4.1685427277116105e-05,0.08784283697605133,0.001082085887901485,0.007556537166237831,16.585968017578125,8.221094560667552e-08,0.0007553886971436441,0.0,0.5170124769210815,0.3048246204853058,0.26325511932373047,0.2535535991191864,-0.13894422352313995,0.16787071526050568
730,0.20775263011455536,0.15437527000904083,0.0005804451066069305,0.0005804451066069305,0.15432365238666534,0.015049917623400688,0.05779369920492172,67.69481658935547,0.0018173283897340298,0.0006501812604255974,0.0,0.5234294533729553,0.2458440512418747,0.29591530561447144,0.287109375,0.02146422490477562,0.46716704964637756
735,0.10618565231561661,0.04187171533703804,0.000302525149891153,0.000302525149891153,0.04172414541244507,0.005655384156852961,0.03495032340288162,46.68544006347656,0.0003855242393910885,0.0007761747110635042,0.0,0.5466524958610535,0.2883935570716858,0.20752863585948944,0.1988389790058136,-0.033460814505815506,0.40132755041122437
740,0.17806103825569153,0.14728620648384094,0.00011170991638209671,0.00011170991638209671,0.14716632664203644,0.004697086289525032,0.021811559796333313,33.35585021972656,6.426091567846015e-05,0.0007490662974305451,0.0,0.4954545497894287,0.27508217096328735,0.300516277551651,0.2923448383808136,0.008885039016604424,0.2773433029651642
745,0.15122444927692413,0.08027041703462601,0.0009398376569151878,0.0009398376569151878,0.08071315288543701,0.015342891216278076,0.05694897472858429,67.12320709228516,0.0007136178319342434,0.0008167332853190601,0.00044273585081100464,0.5095667839050293,0.3042905330657959,0.27097365260124207,0.2625868022441864,0.028240349143743515,0.1038784459233284
750,0.19508451223373413,0.14906258881092072,0.0002708062529563904,0.0002708062529563904,0.14898908138275146,0.008116957731544971,0.022690728306770325,41.18645477294922,0.0003788178728427738,0.0008327593095600605,0.0,0.6248087286949158,0.3221423923969269,0.43716755509376526,0.4335123598575592,-0.018969682976603508,0.2952170968055725
755,0.15343907475471497,0.10381079465150833,0.000417946808738634,0.000417946808738634,0.1036280170083046,0.009151539765298367,0.041292376816272736,56.94719696044922,0.00030092010274529457,0.0006711403257213533,0.0,0.4800623655319214,0.28104913234710693,0.2699447274208069,0.257622629404068,0.04114017263054848,0.21676605939865112
760,0.1606338620185852,0.12271828204393387,9.584242798155174e-05,9.584242798155174e-05,0.12252982705831528,0.0033084836322814226,0.022189147770404816,34.43938064575195,0.00015504594193771482,0.0007214189972728491,0.0,0.5211194157600403,0.3387363851070404,0.29355576634407043,0.2853190004825592,-0.007960490882396698,0.31327152252197266
765,0.08871789276599884,0.048690278083086014,3.226612534490414e-05,3.226612534490414e-05,0.04866483435034752,0.0007702566799707711,0.007456933613866568,13.433219909667969,0.0,0.0006632416625507176,0.0,0.4632587730884552,0.3256376087665558,0.31478384137153625,0.3056911826133728,0.04332991689443588,0.24091105163097382
770,0.17130234837532043,0.1448284089565277,3.4318298276048154e-05,3.4318298276048154e-05,0.14466403424739838,0.0018031694926321507,0.006672436371445656,13.9921875,0.0,0.0005781283252872527,0.0,0.5219774842262268,0.30867284536361694,0.3044942617416382,0.2993435263633728,-0.19925904273986816,0.08423317223787308
775,0.18214192986488342,0.11519845575094223,0.0008799498318694532,0.0008799498318694532,0.1151680275797844,0.01603565365076065,0.059566594660282135,71.87952423095703,0.0009533428819850087,0.0005614263936877251,0.0,0.5416412949562073,0.3145065903663635,0.2667556405067444,0.2536349892616272,0.014947828836739063,0.19067178666591644
780,0.1273978352546692,0.05527135357260704,0.0005116852698847651,0.0005116852698847651,0.05512503907084465,0.009660131298005581,0.04992101714015007,61.05900573730469,0.001054737833328545,0.0005885832360945642,0.0,0.56269371509552,0.2831609547138214,0.22426541149616241,0.2138671875,0.011619914323091507,0.24381349980831146
785,0.16340984404087067,0.12024132162332535,0.00021273380843922496,0.00021273380843922496,0.12000127881765366,0.006842759903520346,0.04034018516540527,54.200340270996094,0.001045387820340693,0.000644274172373116,0.0,0.47765761613845825,0.29852360486984253,0.2960249185562134,0.288330078125,0.03334088996052742,0.23955944180488586
790,0.19767262041568756,0.15816718339920044,0.00030680623603984714,0.00030680623603984714,0.1580405980348587,0.010382254607975483,0.03951011598110199,51.003780364990234,0.0007111487211659551,0.0006942598847672343,0.0,0.5028377175331116,0.2909955382347107,0.30931463837623596,0.3020290732383728,-0.009881053119897842,0.09417302161455154
795,0.14349547028541565,0.10608089715242386,0.00010160461533814669,0.00010160461533814669,0.10570967942476273,0.00357413780875504,0.023910194635391235,38.08401870727539,0.00012406206224113703,0.0007109703146852553,0.0,0.47630807757377625,0.3059958815574646,0.29329603910446167,0.2858072817325592,0.02527634985744953,0.1701751947402954
800,0.16821648180484772,0.135068878531456,8.789505227468908e-05,8.789505227468908e-05,0.13493219017982483,0.0034433777909725904,0.02209876850247383,34.16648864746094,9.36599462875165e-05,0.0006708111613988876,0.0,0.49861979484558105,0.30875885486602783,0.2938113212585449,0.2847493588924408,-0.007700676564127207,0.10367786139249802
805,0.1714962124824524,0.13011780381202698,0.00020506510918494314,0.00020506510918494314,0.12994162738323212,0.006789980921894312,0.038919709622859955,51.74778747558594,0.0008221970056183636,0.0005894149071536958,0.0,0.4855755865573883,0.28620457649230957,0.3046554625034332,0.297173410654068,0.03162776678800583,0.3485088050365448
810,0.21951141953468323,0.16975393891334534,0.0007248452748171985,0.0007248452748171985,0.16973736882209778,0.02015797607600689,0.05779968947172165,69.47233581542969,0.00191275286488235,0.0006112774135544896,0.0,0.4930184781551361,0.3139141798019409,0.30366745591163635,0.294921875,0.02583388425409794,0.10253813117742538
815,0.10817375779151917,0.06983306258916855,3.7224777770461515e-05,3.7224777770461515e-05,0.06980548799037933,0.0009313880000263453,0.00824051070958376,15.352100372314453,0.0,0.0006277844659052789,0.0,0.4847399890422821,0.3167417645454407,0.24394597113132477,0.2352973073720932,-0.1898815631866455,0.38332363963127136
820,0.18243032693862915,0.1226562112569809,0.0005461875116452575,0.0005461875116452575,0.12249279022216797,0.012288844212889671,0.05965813994407654,73.86250305175781,0.0012927975039929152,0.0005373956519179046,0.0,0.5263972282409668,0.2556808292865753,0.29629388451576233,0.2854275107383728,0.03795575350522995,0.4499877691268921
825,0.1557372659444809,0.08051184564828873,0.0009491713717579842,0.0009491713717579842,0.08073338121175766,0.015158550813794136,0.05836749076843262,67.13984680175781,0.000989645137451589,0.0006755382637493312,0.0002215355634689331,0.550480306148529,0.27995240688323975,0.2636677324771881,0.252007395029068,0.012380381114780903,0.14814016222953796
830,0.13943010568618774,0.09448079019784927,0.00013887789100408554,0.00013887789100408554,0.09412894397974014,0.004028769675642252,0.0241890549659729,37.665435791015625,9.358701208839193e-05,0.0006808814941905439,0.0,0.5225517749786377,0.2900896966457367,0.29367145895957947,0.285942941904068,0.044293276965618134,0.2646771967411041
835,0.12518301606178284,0.08826259523630142,3.9027137972880155e-05,3.9027137972880155e-05,0.08788975328207016,0.0010850803228095174,0.007210354320704937,15.729246139526367,9.518230115190818e-08,0.0007257289835251868,0.0,0.5137905478477478,0.30988410115242004,0.35203054547309875,0.3426106870174408,0.04697537422180176,0.500223696231842
840,0.23450623452663422,0.18040846288204193,0.0008930890471674502,0.0008930890471674502,0.18040813505649567,0.028789784759283066,0.05672267824411392,69.8200454711914,0.0017488128505647182,0.0007223619031719863,0.0,0.5278359055519104,0.31509944796562195,0.33037108182907104,0.3223741352558136,-0.015447759069502354,0.09740344434976578
845,0.14981363713741302,0.11276212334632874,9.38618031796068e-05,9.38618031796068e-05,0.11248829960823059,0.0035123638808727264,0.022771794348955154,35.32683181762695,0.00019552986486814916,0.0006114179850555956,0.0,0.49070629477500916,0.3008418083190918,0.3161376714706421,0.3084852397441864,0.03610982373356819,0.3683394491672516
850,0.09357818216085434,0.04870622232556343,3.468081558821723e-05,3.468081558821723e-05,0.04874246194958687,0.0007802784093655646,0.007386240176856518,13.241825103759766,0.0,0.0006594283622689545,3.62396240234375e-05,0.510899543762207,0.3166423439979553,0.22737227380275726,0.2187228798866272,-0.3168424069881439,0.5540855526924133
855,0.13845953345298767,0.0983484759926796,0.00012189022527309135,0.00012189022527309135,0.09794491529464722,0.0037823328748345375,0.023255392909049988,37.612274169921875,1.8469954738975503e-05,0.0006483824108727276,0.0,0.4882524311542511,0.3265848159790039,0.30706968903541565,0.2965766191482544,0.04546560347080231,0.11337878555059433
860,0.12013372033834457,0.08420992642641068,3.524808562360704e-05,3.524808562360704e-05,0.08398286253213882,0.0010325172916054726,0.007250332273542881,15.639644622802734,0.0,0.0006065943744033575,0.0,0.4948771595954895,0.3208206593990326,0.34098535776138306,0.3326009213924408,0.0760238766670227,0.33543163537979126
865,0.19016511738300323,0.15371458232402802,0.0002732164575718343,0.0002732164575718343,0.15359242260456085,0.01199196558445692,0.02211814746260643,38.695194244384766,8.215580601245165e-05,0.0006069295341148973,0.0,0.533119261264801,0.3605259954929352,0.31425678730010986,0.307861328125,-0.06122163310647011,0.41325652599334717
870,0.167356938123703,0.11500557512044907,0.0002312682627234608,0.0002312682627234608,0.11485038697719574,0.006913971155881882,0.04127338156104088,54.971221923828125,0.0010234714718535542,0.00047941479715518653,0.0,0.5526108145713806,0.3246932029724121,0.30239811539649963,0.2923990786075592,0.020894285291433334,0.1261114478111267
875,0.17001520097255707,0.14890572428703308,2.799182948365342e-05,2.799182948365342e-05,0.14872169494628906,0.001204861793667078,0.006838424596935511,13.804854393005371,0.0,0.0004937440971843898,0.0,0.47781091928482056,0.3156989514827728,0.37328723073005676,0.3664821982383728,0.06231922656297684,0.5219736099243164
880,0.22302637994289398,0.16337187588214874,0.0008914261707104743,0.0008914261707104743,0.1635594666004181,0.03144189342856407,0.05080410838127136,73.82693481445312,0.002103057922795415,0.0006445712642744184,0.00018759071826934814,0.5644527077674866,0.3725632131099701,0.3655443787574768,0.3582356870174408,0.023105088621377945,0.2932295501232147
885,0.16745075583457947,0.14144279062747955,3.425711838644929e-05,3.425711838644929e-05,0.14130374789237976,0.0019284298177808523,0.007685587741434574,16.334362030029297,6.90230308464379e-07,0.0006202580407261848,0.0,0.5060462951660156,0.3144226670265198,0.2887095808982849,0.2825520932674408,-0.28080716729164124,0.1568465530872345
890,0.1210041418671608,0.053248967975378036,0.0005411422462202609,0.0005411422462202609,0.05315219610929489,0.00973283126950264,0.05001022666692734,62.06496810913086,0.0009282303508371115,0.0004838280437979847,0.0,0.5111053586006165,0.23994578421115875,0.208811953663826,0.196316197514534,0.004922483116388321,0.10098420083522797
895,0.11920754611492157,0.054602544754743576,0.0004145658458583057,0.0004145658458583057,0.05440358445048332,0.006947596091777086,0.038522813469171524,48.52043151855469,0.0003479951119516045,0.0005426031420938671,0.0,0.5473635792732239,0.2511691153049469,0.2618160843849182,0.2517903745174408,0.02278088964521885,0.23145358264446259
900,0.18139849603176117,0.1288500428199768,0.0005011974135413766,0.0005011974135413766,0.12870171666145325,0.0115460604429245,0.05866473913192749,71.39959716796875,0.001409290824085474,0.0006608738913200796,0.0,0.47635287046432495,0.3197652995586395,0.28320249915122986,0.2741970419883728,0.03369910642504692,0.1490972936153412
905,0.15704156458377838,0.11066455394029617,0.0002233800187241286,0.0002233800187241286,0.11039429903030396,0.006183350458741188,0.040321849286556244,56.520389556884766,0.0007190332980826497,0.0005928656319156289,0.0,0.4911912679672241,0.29222431778907776,0.2984505295753479,0.2863498330116272,0.045145053416490555,0.2378987967967987
910,0.09572696685791016,0.03169624134898186,0.00020529484027065337,0.00020529484027065337,0.03158258646726608,0.0036055066157132387,0.01770542934536934,29.615619659423828,8.973389412858523e-06,0.000601581356022507,0.0,0.6060398817062378,0.2731437087059021,0.194172665476799,0.1837293803691864,-0.023311026394367218,0.5805768370628357
915,0.11804088205099106,0.08436304330825806,3.797973113250919e-05,3.797973113250919e-05,0.08409826457500458,0.0010080464417114854,0.00742701068520546,16.30160140991211,0.0,0.00067288608988747,0.0,0.47209373116493225,0.30593132972717285,0.2522108852863312,0.2434895783662796,-0.09860880672931671,0.2324046790599823
920,0.19310739636421204,0.14883273839950562,0.00028529681731015444,0.00028529681731015444,0.14873607456684113,0.015077399089932442,0.023649852722883224,41.04832458496094,0.0002780272625386715,0.0007391905528493226,0.0,0.5878661870956421,0.31644025444984436,0.3762471377849579,0.36962890625,0.004748599603772163,0.15098024904727936
925,0.1259412169456482,0.09280791878700256,4.027277464047074e-05,4.027277464047074e-05,0.09248293191194534,0.0011168323690071702,0.007429106160998344,15.7811918258667,0.0,0.0007050481508485973,0.0,0.48356425762176514,0.31395456194877625,0.33508172631263733,0.3257649838924408,0.048078764230012894,0.3809804916381836
930,0.20418614149093628,0.1542457789182663,0.0005738841718994081,0.0005738841718994081,0.15420719981193542,0.014916032552719116,0.057867631316185,67.80824279785156,0.0018786040600389242,0.0006591592682525516,0.0,0.4893184006214142,0.2905266582965851,0.3001059889793396,0.2913953959941864,0.02797767147421837,0.2675732374191284
935,0.16803473234176636,0.14892220497131348,2.7882415452040732e-05,2.7882415452040732e-05,0.14877693355083466,0.0011576797114685178,0.006796356290578842,13.769678115844727,0.0,0.0006739540258422494,0.0,0.4578360617160797,0.29955801367759705,0.3370850086212158,0.3305392861366272,0.0029584832955151796,0.42928388714790344
940,0.23690806329250336,0.17328138649463654,0.0011099990224465728,0.0011099990224465728,0.17317382991313934,0.053501177579164505,0.05124494805932045,73.47136688232422,0.0017139858100563288,0.0006729906308464706,0.0,0.5605297684669495,0.31601372361183167,0.3612326979637146,0.3544379472732544,-0.027986224740743637,0.08322539925575256
945,0.15471680462360382,0.12237530201673508,8.399775833822787e-05,8.399775833822787e-05,0.12221263349056244,0.0033847971353679895,0.021766390651464462,33.99904251098633,0.00015475938562303782,0.0006190692656673491,0.0,0.4672102928161621,0.31813111901283264,0.3175243139266968,0.3104383647441864,0.02929912693798542,0.2040957659482956
950,0.18334582448005676,0.1433822065591812,0.00022204425476957113,0.00022204425476957113,0.14317789673805237,0.007243708707392216,0.039090000092983246,50.38749313354492,0.000753259751945734,0.0005406042910180986,0.0,0.4949024021625519,0.29573526978492737,0.30727726221084595,0.297607421875,0.015907103195786476,0.12570670247077942
955,0.1650410145521164,0.1449103057384491,3.142753121210262e-05,3.142753121210262e-05,0.14477498829364777,0.0016296724788844585,0.006660447921603918,13.991979598999023,0.0,0.0005605550832115114,0.0,0.45916077494621277,0.3120094835758209,0.3426506817340851,0.3368598222732544,-0.00594980688765645,0.35143396258354187
960,0.1748901903629303,0.12968312203884125,0.00020257863798178732,0.00020257863798178732,0.12949813902378082,0.006527659483253956,0.039244815707206726,51.09778594970703,0.0010208525927737355,0.0006079813465476036,0.0,0.5225160717964172,0.36221352219581604,0.30545273423194885,0.2976888120174408,0.01439333613961935,0.47819069027900696
965,0.1815490871667862,0.11540663242340088,0.0006565910298377275,0.0006565910298377275,0.11533156037330627,0.012428347952663898,0.05806395784020424,72.69773864746094,0.0010983243118971586,0.0004326891794335097,0.0,0.5699526071548462,0.24050919711589813,0.3039192259311676,0.2952474057674408,0.04355795681476593,0.5783951878547668
970,0.21272963285446167,0.1670997440814972,0.0006021488225087523,0.0006021488225087523,0.16702167689800262,0.02475786954164505,0.03767264261841774,55.316680908203125,0.0009021961595863104,0.0006456042174249887,0.0,0.5306053161621094,0.34930238127708435,0.2943129241466522,0.2870279848575592,-0.012062841095030308,0.4464086592197418
975,0.0898858830332756,0.04870041832327843,3.146436938550323e-05,3.146436938550323e-05,0.048684827983379364,0.000762037409003824,0.0074504101648926735,13.405259132385254,0.0,0.0005914557841606438,0.0,0.47490209341049194,0.29716479778289795,0.3229724168777466,0.3141547441482544,0.059354014694690704,0.47577428817749023
980,0.13453637063503265,0.10266721248626709,3.614403249230236e-05,3.614403249230236e-05,0.10250690579414368,0.0009761017863638699,0.0072936322540044785,14.528614044189453,2.1512158127734438e-05,0.0005809271824546158,0.0,0.49055930972099304,0.3228749632835388,0.2971094846725464,0.2884657084941864,-0.06629019230604172,0.09031208604574203
985,0.13929280638694763,0.06770962476730347,0.0007563568651676178,0.0007563568651676178,0.06756160408258438,0.012227741070091724,0.05433657765388489,63.75439453125,0.0008757996838539839,0.0004296633997000754,0.0,0.5349059104919434,0.2813093960285187,0.264285683631897,0.250542551279068,0.030377503484487534,0.08103349059820175
990,0.0850229412317276,0.03245318681001663,2.7527688871487044e-05,2.7527688871487044e-05,0.032415762543678284,0.0005817716591991484,0.005146135576069355,11.127155303955078,1.8125053884432418e-06,0.00044939658255316317,0.0,0.5663977861404419,0.2995454668998718,0.2699732184410095,0.2616916298866272,-0.08771456778049469,0.18923939764499664
995,0.15756206214427948,0.12244047224521637,8.586968033341691e-05,8.586968033341691e-05,0.12227902561426163,0.0034574514720588923,0.021751418709754944,33.98356628417969,0.00015748967416584492,0.0004809092206414789,0.0,0.49486032128334045,0.3065904974937439,0.3340180218219757,0.3249240517616272,0.04334180802106857,0.34624722599983215
1000,0.13773758709430695,0.09835142642259598,0.0001223576400661841,0.0001223576400661841,0.09798052906990051,0.0037951709236949682,0.023146238178014755,37.3271484375,1.7410973669029772e-05,0.0006104878266341984,0.0,0.4811127185821533,0.3421216607093811,0.30976301431655884,0.2984212338924408,0.051643673330545425,0.08590462803840637
